{"stats":{"minecraft:custom":{"minecraft:mob_kills":11,"minecraft:interact_with_crafting_table":13,"minecraft:open_barrel":15,"minecraft:interact_with_loom":4,"minecraft:bell_ring":8,"minecraft:time_since_death":29120,"minecraft:sleep_in_bed":3,"minecraft:climb_one_cm":8068,"minecraft:time_since_rest":1254,"minecraft:sprint_one_cm":232534,"minecraft:damage_taken":1778,"minecraft:walk_one_cm":171023,"minecraft:drop":58,"minecraft:damage_dealt":1347,"minecraft:swim_one_cm":36119,"minecraft:talked_to_villager":23,"minecraft:fly_one_cm":621060,"minecraft:open_chest":39,"minecraft:crouch_one_cm":2977,"minecraft:play_time":66246,"minecraft:deaths":5,"minecraft:sneak_time":834,"minecraft:walk_under_water_one_cm":3541,"minecraft:interact_with_brewingstand":1,"tombstone:villager_killed":2,"minecraft:jump":1672,"minecraft:walk_on_water_one_cm":25634,"minecraft:total_world_time":66246,"minecraft:fall_one_cm":28517},"minecraft:picked_up":{"minecraft:crafting_table":1,"minecraft:iron_chestplate":2,"minecraft:wheat":182,"minecraft:lilac":1,"minecraft:enchanted_book":3,"minecraft:oak_log":1,"alexsmobs:gazelle_horn":1,"minecraft:paper":14,"tombstone:gift":1,"minecraft:iron_axe":1,"minecraft:armor_stand":4,"minecraft:iron_leggings":5,"minecraft:cooked_mutton":3,"minecraft:item_frame":5,"minecraft:stone_bricks":6,"minecraft:bow":2,"minecraft:wheat_seeds":174,"minecraft:iron_ingot":3,"minecraft:poppy":1,"minecraft:iron_boots":5,"minecraft:music_disc_13":2,"minecraft:oak_fence":3,"born_in_chaos_v1:ethereal_spirit":1,"minecraft:white_bed":4,"minecraft:dark_oak_log":5,"minecraft:goat_horn":1,"minecraft:dark_oak_planks":62,"minecraft:iron_helmet":2,"minecraft:hay_block":21,"minecraft:bread":175,"minecraft:coal":1,"minecraft:mutton":11,"minecraft:white_wool":10},"minecraft:killed":{"minecraft:pig":1,"minecraft:sheep":5,"alexsmobs:gazelle":1,"minecraft:villager":2,"minecraft:cow":2},"minecraft:used":{"epicfight:skillbook":8,"born_in_chaos_v1:ethereal_spirit":2,"minecraft:white_wool":5,"minecraft:crafting_table":3,"minecraft:white_bed":2,"minecraft:dark_oak_planks":51,"minecraft:iron_axe":8,"minecraft:bread":20,"minecraft:iron_pickaxe":11,"simplyswords:diamond_cutlass":49,"minecraft:stone_bricks":6,"minecraft:goat_horn":10,"tombstone:gift":2,"minecraft:experience_bottle":2},"minecraft:dropped":{"minecraft:enchanted_book":3,"minecraft:iron_ingot":1,"minecraft:bread":69,"minecraft:goat_horn":1,"minecraft:wheat_seeds":125,"alexsmobs:gazelle_horn":1,"minecraft:lilac":1,"minecraft:oak_log":1,"minecraft:wheat":4,"tombstone:gift":2,"born_in_chaos_v1:ethereal_spirit":1,"minecraft:oak_fence":6,"minecraft:iron_helmet":1,"minecraft:iron_boots":5,"improvableskills:parchment_fragment":4,"minecraft:cooked_mutton":2,"minecraft:white_bed":2,"minecraft:coal":2,"minecraft:stick":4,"minecraft:item_frame":5,"minecraft:music_disc_13":2,"minecraft:poppy":1,"tombstone:grave_key":1,"minecraft:iron_chestplate":2,"minecraft:iron_leggings":4,"minecraft:arrow":6,"minecraft:bow":1,"minecraft:paper":14,"minecraft:white_wool":5,"minecraft:music_disc_cat":1,"epicfight:skillbook":2,"minecraft:gold_ingot":5,"minecraft:armor_stand":4},"minecraft:crafted":{"minecraft:crafting_table":2,"minecraft:bread":128,"minecraft:iron_boots":1,"minecraft:iron_chestplate":1,"minecraft:iron_axe":1,"minecraft:stick":8,"minecraft:iron_pickaxe":1,"quark:thatch":60,"minecraft:dark_oak_planks":120,"minecraft:wheat":249},"minecraft:mined":{"minecraft:white_bed":2,"biomesoplenty:desert_grass":1,"minecraft:dark_oak_log":5,"minecraft:oak_fence":3,"minecraft:crafting_table":1,"minecraft:poppy":1,"minecraft:tall_grass":2,"minecraft:hay_block":21,"minecraft:iron_ore":5,"minecraft:lilac":1,"minecraft:grass":5,"minecraft:coal_ore":5,"minecraft:oak_log":1,"minecraft:stone":1}},"DataVersion":3465}