{"stats":{"minecraft:custom":{"minecraft:interact_with_furnace":12,"minecraft:mob_kills":33,"minecraft:interact_with_crafting_table":17,"minecraft:open_barrel":25,"minecraft:interact_with_loom":4,"minecraft:bell_ring":8,"minecraft:time_since_death":26680,"minecraft:sleep_in_bed":3,"minecraft:climb_one_cm":8068,"minecraft:time_since_rest":25759,"minecraft:sprint_one_cm":386885,"minecraft:damage_taken":2685,"minecraft:walk_one_cm":253823,"minecraft:drop":64,"minecraft:damage_dealt":4349,"minecraft:swim_one_cm":104664,"minecraft:talked_to_villager":23,"minecraft:fly_one_cm":1236312,"minecraft:open_chest":47,"minecraft:crouch_one_cm":4476,"minecraft:play_time":102246,"tombstone:undead_killed":4,"minecraft:deaths":6,"minecraft:sneak_time":1152,"minecraft:walk_under_water_one_cm":4879,"minecraft:interact_with_brewingstand":1,"tombstone:villager_killed":2,"minecraft:jump":3470,"minecraft:walk_on_water_one_cm":38642,"minecraft:total_world_time":102246,"minecraft:fall_one_cm":82701},"minecraft:picked_up":{"born_in_chaos_v1:diamond_termite_shard":4,"minecraft:crafting_table":1,"minecraft:iron_chestplate":2,"minecraft:wheat":182,"minecraft:lilac":1,"minecraft:brown_wool":1,"minecraft:leather":5,"minecraft:enchanted_book":3,"minecraft:oak_log":1,"alexsmobs:gazelle_horn":1,"minecraft:paper":14,"tombstone:gift":1,"minecraft:iron_axe":1,"minecraft:armor_stand":4,"minecraft:iron_leggings":5,"minecraft:cooked_mutton":3,"minecraft:item_frame":5,"minecraft:bone":4,"minecraft:stone_bricks":6,"minecraft:bow":3,"minecraft:wheat_seeds":174,"minecraft:beef":16,"minecraft:iron_ingot":3,"minecraft:poppy":1,"alexsmobs:raccoon_tail":2,"minecraft:iron_boots":5,"minecraft:furnace":3,"minecraft:raw_iron":46,"minecraft:music_disc_13":2,"minecraft:oak_fence":4,"born_in_chaos_v1:ethereal_spirit":1,"minecraft:white_bed":4,"born_in_chaos_v1:pieceofdarkmetal":1,"minecraft:dark_oak_log":5,"minecraft:goat_horn":1,"minecraft:dark_oak_planks":63,"minecraft:arrow":7,"minecraft:rotten_flesh":2,"minecraft:iron_helmet":2,"minecraft:hay_block":21,"minecraft:bread":175,"tombstone:magic_scroll":1,"minecraft:cobblestone":28,"minecraft:coal":37,"minecraft:mutton":28,"minecraft:white_wool":16},"minecraft:killed":{"minecraft:pig":1,"born_in_chaos_v1:diamond_termite":5,"alexsmobs:raccoon":1,"born_in_chaos_v1:decrepit_skeleton":1,"minecraft:skeleton":3,"minecraft:horse":1,"minecraft:sheep":12,"alexsmobs:gazelle":1,"minecraft:villager":2,"minecraft:cow":6},"minecraft:used":{"minecraft:oak_fence":1,"epicfight:skillbook":8,"born_in_chaos_v1:ethereal_spirit":2,"minecraft:torch":60,"minecraft:white_wool":5,"minecraft:mutton":1,"minecraft:crafting_table":3,"minecraft:white_bed":2,"minecraft:dark_oak_planks":92,"minecraft:iron_axe":10,"minecraft:bread":41,"minecraft:brown_wool":1,"minecraft:iron_pickaxe":138,"tombstone:magic_scroll":2,"simplyswords:diamond_cutlass":112,"minecraft:stone_bricks":6,"quark:dark_oak_chest":1,"minecraft:cobblestone":28,"minecraft:furnace":3,"minecraft:goat_horn":10,"tombstone:gift":2,"minecraft:experience_bottle":2},"minecraft:dropped":{"minecraft:enchanted_book":3,"minecraft:iron_ingot":1,"minecraft:bread":69,"minecraft:goat_horn":1,"minecraft:wheat_seeds":125,"alexsmobs:gazelle_horn":1,"minecraft:lilac":1,"minecraft:oak_log":1,"alexscaves:cave_tablet":4,"minecraft:rotten_flesh":2,"minecraft:wheat":4,"tombstone:gift":2,"born_in_chaos_v1:ethereal_spirit":1,"minecraft:oak_fence":6,"minecraft:iron_helmet":1,"minecraft:iron_boots":5,"improvableskills:parchment_fragment":4,"minecraft:cooked_mutton":2,"born_in_chaos_v1:pieceofdarkmetal":1,"minecraft:white_bed":2,"minecraft:coal":2,"minecraft:stick":6,"minecraft:item_frame":5,"minecraft:music_disc_13":2,"minecraft:poppy":1,"tombstone:grave_key":1,"minecraft:iron_chestplate":2,"minecraft:iron_leggings":4,"minecraft:arrow":6,"minecraft:bow":1,"minecraft:paper":14,"alexsmobs:raccoon_tail":1,"minecraft:white_wool":5,"minecraft:music_disc_cat":1,"minecraft:bone":8,"epicfight:skillbook":2,"minecraft:gold_ingot":5,"minecraft:armor_stand":4},"minecraft:crafted":{"sophisticatedbackpacks:backpack":1,"minecraft:crafting_table":2,"minecraft:gold_block":1,"minecraft:air":0,"minecraft:bread":128,"quark:dark_oak_chest":2,"minecraft:iron_boots":1,"minecraft:iron_chestplate":1,"minecraft:iron_axe":1,"minecraft:stick":24,"minecraft:iron_ingot":13,"minecraft:iron_pickaxe":1,"quark:thatch":60,"minecraft:gold_ingot":12,"minecraft:dark_oak_planks":120,"minecraft:torch":60,"minecraft:wheat":249},"minecraft:mined":{"minecraft:dark_oak_planks":1,"minecraft:white_bed":2,"biomesoplenty:desert_grass":1,"minecraft:dark_oak_log":5,"born_in_chaos_v1:infected_diamond_ore":3,"minecraft:oak_fence":4,"minecraft:crafting_table":1,"minecraft:glow_lichen":1,"minecraft:poppy":1,"minecraft:tall_grass":2,"minecraft:hay_block":21,"minecraft:tall_seagrass":1,"minecraft:furnace":3,"minecraft:iron_ore":46,"minecraft:fire":3,"minecraft:lilac":1,"minecraft:grass":5,"luminousworld:ishstone":4,"minecraft:coal_ore":38,"minecraft:oak_log":1,"minecraft:deepslate_iron_ore":1,"minecraft:oak_leaves":5,"minecraft:stone":41}},"DataVersion":3465}