{"stats":{"minecraft:custom":{"minecraft:interact_with_furnace":3,"minecraft:mob_kills":24,"minecraft:interact_with_crafting_table":15,"minecraft:open_barrel":16,"minecraft:interact_with_loom":4,"minecraft:bell_ring":8,"minecraft:time_since_death":2680,"minecraft:sleep_in_bed":3,"minecraft:climb_one_cm":8068,"minecraft:time_since_rest":1759,"minecraft:sprint_one_cm":274504,"minecraft:damage_taken":2166,"minecraft:walk_one_cm":197056,"minecraft:drop":62,"minecraft:damage_dealt":2595,"minecraft:swim_one_cm":75374,"minecraft:talked_to_villager":23,"minecraft:fly_one_cm":847254,"minecraft:open_chest":41,"minecraft:crouch_one_cm":3368,"minecraft:play_time":78246,"minecraft:deaths":6,"minecraft:sneak_time":946,"minecraft:walk_under_water_one_cm":4675,"minecraft:interact_with_brewingstand":1,"tombstone:villager_killed":2,"minecraft:jump":2202,"minecraft:walk_on_water_one_cm":32506,"minecraft:total_world_time":78246,"minecraft:fall_one_cm":47147},"minecraft:picked_up":{"minecraft:crafting_table":1,"minecraft:iron_chestplate":2,"minecraft:wheat":182,"minecraft:lilac":1,"minecraft:brown_wool":1,"minecraft:leather":5,"minecraft:enchanted_book":3,"minecraft:oak_log":1,"alexsmobs:gazelle_horn":1,"minecraft:paper":14,"tombstone:gift":1,"minecraft:iron_axe":1,"minecraft:armor_stand":4,"minecraft:iron_leggings":5,"minecraft:cooked_mutton":3,"minecraft:item_frame":5,"minecraft:stone_bricks":6,"minecraft:bow":2,"minecraft:wheat_seeds":174,"minecraft:beef":16,"minecraft:iron_ingot":3,"minecraft:poppy":1,"alexsmobs:raccoon_tail":2,"minecraft:iron_boots":5,"minecraft:furnace":1,"minecraft:raw_iron":5,"minecraft:music_disc_13":2,"minecraft:oak_fence":3,"born_in_chaos_v1:ethereal_spirit":1,"minecraft:white_bed":4,"minecraft:dark_oak_log":5,"minecraft:goat_horn":1,"minecraft:dark_oak_planks":63,"minecraft:iron_helmet":2,"minecraft:hay_block":21,"minecraft:bread":175,"minecraft:cobblestone":4,"minecraft:coal":23,"minecraft:mutton":28,"minecraft:white_wool":16},"minecraft:killed":{"minecraft:pig":1,"alexsmobs:raccoon":1,"minecraft:horse":1,"minecraft:sheep":12,"alexsmobs:gazelle":1,"minecraft:villager":2,"minecraft:cow":6},"minecraft:used":{"epicfight:skillbook":8,"born_in_chaos_v1:ethereal_spirit":2,"minecraft:torch":9,"minecraft:white_wool":5,"minecraft:crafting_table":3,"minecraft:white_bed":2,"minecraft:dark_oak_planks":92,"minecraft:iron_axe":9,"minecraft:bread":23,"minecraft:iron_pickaxe":35,"simplyswords:diamond_cutlass":76,"minecraft:stone_bricks":6,"quark:dark_oak_chest":1,"minecraft:cobblestone":4,"minecraft:furnace":1,"minecraft:goat_horn":10,"tombstone:gift":2,"minecraft:experience_bottle":2},"minecraft:dropped":{"minecraft:enchanted_book":3,"minecraft:iron_ingot":1,"minecraft:bread":69,"minecraft:goat_horn":1,"minecraft:wheat_seeds":125,"alexsmobs:gazelle_horn":1,"minecraft:lilac":1,"minecraft:oak_log":1,"alexscaves:cave_tablet":4,"minecraft:wheat":4,"tombstone:gift":2,"born_in_chaos_v1:ethereal_spirit":1,"minecraft:oak_fence":6,"minecraft:iron_helmet":1,"minecraft:iron_boots":5,"improvableskills:parchment_fragment":4,"minecraft:cooked_mutton":2,"minecraft:white_bed":2,"minecraft:coal":2,"minecraft:stick":6,"minecraft:item_frame":5,"minecraft:music_disc_13":2,"minecraft:poppy":1,"tombstone:grave_key":1,"minecraft:iron_chestplate":2,"minecraft:iron_leggings":4,"minecraft:arrow":6,"minecraft:bow":1,"minecraft:paper":14,"alexsmobs:raccoon_tail":1,"minecraft:white_wool":5,"minecraft:music_disc_cat":1,"minecraft:bone":8,"epicfight:skillbook":2,"minecraft:gold_ingot":5,"minecraft:armor_stand":4},"minecraft:crafted":{"minecraft:crafting_table":2,"minecraft:bread":128,"quark:dark_oak_chest":1,"minecraft:iron_boots":1,"minecraft:iron_chestplate":1,"minecraft:iron_axe":1,"minecraft:stick":24,"minecraft:iron_pickaxe":1,"quark:thatch":60,"minecraft:dark_oak_planks":120,"minecraft:torch":60,"minecraft:wheat":249},"minecraft:mined":{"minecraft:dark_oak_planks":1,"minecraft:white_bed":2,"biomesoplenty:desert_grass":1,"minecraft:dark_oak_log":5,"minecraft:oak_fence":3,"minecraft:crafting_table":1,"minecraft:poppy":1,"minecraft:tall_grass":2,"minecraft:hay_block":21,"minecraft:furnace":1,"minecraft:iron_ore":5,"minecraft:lilac":1,"minecraft:grass":5,"minecraft:coal_ore":24,"minecraft:oak_log":1,"minecraft:stone":5}},"DataVersion":3465}