{"stats":{"minecraft:custom":{"minecraft:mob_kills":86,"minecraft:interact_with_crafting_table":20,"minecraft:open_barrel":42,"minecraft:bell_ring":8,"minecraft:damage_dealt_resisted":1305,"minecraft:eat_cake_slice":5,"minecraft:time_since_death":3118,"minecraft:climb_one_cm":10847,"minecraft:sprint_one_cm":795326,"minecraft:walk_one_cm":554603,"minecraft:drop":127,"minecraft:talked_to_villager":34,"minecraft:play_time":174246,"minecraft:deaths":21,"minecraft:sneak_time":2185,"minecraft:walk_under_water_one_cm":4948,"minecraft:jump":5078,"minecraft:interact_with_brewingstand":1,"minecraft:walk_on_water_one_cm":43181,"minecraft:total_world_time":174246,"minecraft:interact_with_furnace":12,"minecraft:interact_with_loom":4,"minecraft:interact_with_stonecutter":1,"minecraft:sleep_in_bed":9,"minecraft:time_since_rest":719,"minecraft:damage_taken":8494,"minecraft:damage_dealt":13731,"minecraft:swim_one_cm":110100,"minecraft:fly_one_cm":1843875,"minecraft:open_chest":78,"minecraft:crouch_one_cm":8664,"tombstone:undead_killed":25,"tombstone:villager_killed":2,"minecraft:horse_one_cm":4050,"minecraft:fall_one_cm":118571,"minecraft:interact_with_smithing_table":1},"minecraft:picked_up":{"minecraft:iron_chestplate":5,"minecraft:crafting_table":1,"born_in_chaos_v1:diamond_termite_shard":4,"minecraft:wheat":182,"minecraft:golden_pickaxe":1,"minecraft:leather_leggings":4,"born_in_chaos_v1:black_argillite_brick_wall":2,"minecraft:enchanted_book":4,"tombstone:grave_key":1,"alexsmobs:gazelle_horn":1,"minecraft:string":59,"minecraft:iron_axe":1,"minecraft:iron_leggings":9,"minecraft:item_frame":19,"minecraft:armor_stand":13,"minecraft:beef":16,"minecraft:poppy":1,"alexsmobs:raccoon_tail":2,"minecraft:coal_block":16,"minecraft:iron_boots":9,"minecraft:furnace":3,"simplyswords:diamond_cutlass":2,"minecraft:tipped_arrow":1,"minecraft:raw_iron":46,"born_in_chaos_v1:shattered_skull":1,"minecraft:copper_ingot":6,"minecraft:oak_fence":11,"minecraft:spruce_stairs":5,"epicfight:skillbook":1,"minecraft:cookie":1,"tombstone:grave_dust":3,"born_in_chaos_v1:pieceofdarkmetal":5,"minecraft:goat_horn":1,"minecraft:brown_carpet":1,"minecraft:dark_oak_planks":63,"minecraft:arrow":20,"minecraft:rotten_flesh":24,"minecraft:diamond_boots":3,"minecraft:hay_block":68,"minecraft:iron_block":1,"minecraft:gold_ingot":2,"supplementaries:ash":2,"minecraft:mutton":29,"minecraft:white_wool":17,"minecraft:cobblestone":28,"born_in_chaos_v1:corpse_maggot":1,"minecraft:leather_chestplate":5,"minecraft:lilac":1,"minecraft:iron_door":1,"minecraft:leather":5,"minecraft:brown_wool":1,"minecraft:oak_log":4,"minecraft:dirt":23,"minecraft:paper":15,"minecraft:lantern":2,"tombstone:gift":1,"minecraft:cooked_mutton":3,"minecraft:bone":30,"minecraft:stone_bricks":6,"minecraft:bow":4,"minecraft:wheat_seeds":181,"minecraft:iron_ingot":5,"minecraft:oak_fence_gate":2,"minecraft:iron_sword":1,"minecraft:scaffolding":2,"minecraft:music_disc_13":2,"minecraft:quartz":1,"born_in_chaos_v1:ethereal_spirit":1,"naturalist:duck_egg":1,"minecraft:white_bed":8,"minecraft:dark_oak_log":5,"minecraft:spider_eye":32,"minecraft:leather_helmet":7,"minecraft:bundle":2,"minecraft:firework_rocket":1,"minecraft:iron_helmet":7,"minecraft:chainmail_helmet":1,"minecraft:bread":175,"luminousworld:groundpebbles_1":3,"tombstone:magic_scroll":1,"minecraft:oak_sapling":1,"minecraft:damaged_anvil":1,"minecraft:coal":37,"minecraft:ender_pearl":1},"minecraft:killed":{"alexsmobs:raccoon":1,"minecraft:spider":27,"born_in_chaos_v1:skeleton_thrasher_not_despawn":1,"born_in_chaos_v1:zombie_bruiser":1,"born_in_chaos_v1:baby_skeleton_minion":2,"born_in_chaos_v1:maggot":1,"minecraft:horse":1,"minecraft:skeleton":4,"friendsandfoes:copper_golem":2,"minecraft:pig":1,"born_in_chaos_v1:diamond_termite":5,"undead_revamp2:the_moonflower":1,"born_in_chaos_v1:decrepit_skeleton":4,"minecraft:sheep":13,"minecraft:zombie":5,"born_in_chaos_v1:bonescaller_not_despawn":1,"alexsmobs:gazelle":1,"minecraft:stray":6,"minecraft:villager":2,"minecraft:cow":6},"minecraft:used":{"minecraft:oak_fence":2,"born_in_chaos_v1:ethereal_spirit":2,"minecraft:iron_sword":23,"minecraft:iron_chestplate":2,"minecraft:torch":60,"minecraft:mutton":3,"minecraft:oak_fence_gate":1,"minecraft:wooden_axe":1,"minecraft:dark_oak_planks":124,"minecraft:iron_axe":52,"minecraft:iron_helmet":1,"simplyswords:diamond_cutlass":338,"minecraft:iron_boots":1,"minecraft:stone_bricks":6,"minecraft:brown_carpet":1,"minecraft:scaffolding":2,"minecraft:goat_horn":10,"minecraft:furnace":3,"tombstone:gift":7,"minecraft:iron_leggings":1,"epicfight:skillbook":8,"minecraft:cookie":1,"minecraft:white_wool":5,"minecraft:crafting_table":4,"minecraft:white_bed":6,"minecraft:bread":70,"minecraft:brown_wool":1,"minecraft:iron_pickaxe":164,"tombstone:magic_scroll":2,"tombstone:grave_key":1,"quark:dark_oak_chest":1,"minecraft:cobblestone":28,"minecraft:golden_pickaxe":1,"minecraft:experience_bottle":2},"minecraft:dropped":{"minecraft:bread":69,"minecraft:enchanted_book":4,"minecraft:iron_ingot":1,"minecraft:wheat_seeds":132,"minecraft:oak_log":1,"minecraft:lilac":1,"minecraft:oak_fence":9,"minecraft:iron_helmet":6,"improvableskills:parchment_fragment":4,"born_in_chaos_v1:pieceofdarkmetal":1,"minecraft:leather_helmet":5,"minecraft:coal":2,"minecraft:music_disc_13":2,"minecraft:item_frame":10,"minecraft:stick":6,"tombstone:grave_key":2,"minecraft:iron_leggings":7,"minecraft:paper":14,"minecraft:string":8,"alexsmobs:raccoon_tail":1,"minecraft:white_wool":5,"minecraft:music_disc_cat":1,"minecraft:armor_stand":7,"minecraft:gold_ingot":5,"minecraft:bone":17,"naturalist:duck_egg":1,"minecraft:goat_horn":1,"alexsmobs:gazelle_horn":1,"alexscaves:cave_tablet":4,"minecraft:wheat":4,"born_in_chaos_v1:ethereal_spirit":1,"tombstone:gift":2,"minecraft:rotten_flesh":8,"minecraft:iron_boots":8,"minecraft:cooked_mutton":2,"minecraft:white_bed":2,"minecraft:poppy":1,"minecraft:leather_chestplate":3,"minecraft:iron_chestplate":4,"luminousworld:groundpebbles_1":2,"born_in_chaos_v1:corpse_maggot":1,"minecraft:oak_sapling":1,"minecraft:leather_leggings":3,"minecraft:arrow":6,"minecraft:bow":1,"minecraft:quartz":1,"epicfight:skillbook":2,"minecraft:firework_rocket":1},"minecraft:crafted":{"minecraft:oak_planks":12,"quark:dark_oak_chest":2,"minecraft:iron_boots":1,"minecraft:iron_axe":1,"quark:thatch":60,"minecraft:dark_oak_planks":120,"minecraft:wheat":672,"sophisticatedbackpacks:backpack":1,"minecraft:crafting_table":3,"minecraft:gold_block":1,"minecraft:bread":269,"minecraft:air":0,"minecraft:iron_chestplate":1,"minecraft:stick":32,"minecraft:iron_ingot":13,"minecraft:iron_pickaxe":1,"minecraft:wooden_axe":1,"minecraft:gold_ingot":12,"minecraft:torch":60},"minecraft:mined":{"minecraft:dark_oak_planks":1,"luminousworld:groundpebbles_1":1,"minecraft:white_bed":7,"biomesoplenty:desert_grass":1,"minecraft:dark_oak_log":5,"born_in_chaos_v1:infected_diamond_ore":3,"minecraft:grass_block":19,"minecraft:glow_lichen":1,"biomesoplenty:bush":3,"born_in_chaos_v1:black_argillite_brick_wall":2,"minecraft:coal_block":16,"minecraft:spawner":2,"minecraft:hay_block":69,"minecraft:tall_seagrass":1,"minecraft:furnace":3,"minecraft:iron_ore":46,"minecraft:fire":3,"minecraft:deepslate_iron_ore":1,"minecraft:iron_block":1,"minecraft:stone":41,"minecraft:scaffolding":2,"minecraft:oak_fence":11,"minecraft:crafting_table":1,"minecraft:poppy":1,"minecraft:campfire":4,"minecraft:tall_grass":6,"minecraft:damaged_anvil":1,"minecraft:iron_door":1,"minecraft:spruce_stairs":5,"minecraft:lilac":1,"minecraft:grass":9,"minecraft:oak_log":3,"minecraft:coal_ore":38,"luminousworld:ishstone":4,"minecraft:oak_fence_gate":2,"minecraft:dirt":4,"minecraft:cobweb":1,"minecraft:oak_leaves":6}},"DataVersion":3465}