{"stats":{"minecraft:killed_by":{"minecraft:husk":1},"minecraft:custom":{"minecraft:mob_kills":115,"minecraft:interact_with_crafting_table":35,"minecraft:open_barrel":47,"minecraft:bell_ring":8,"minecraft:damage_dealt_resisted":2450,"minecraft:eat_cake_slice":6,"minecraft:leave_game":1,"minecraft:time_since_death":2610,"minecraft:damage_resisted":136,"minecraft:climb_one_cm":11472,"minecraft:sprint_one_cm":1213186,"minecraft:walk_one_cm":906092,"minecraft:drop":214,"minecraft:talked_to_villager":35,"minecraft:play_time":303721,"minecraft:deaths":35,"minecraft:sneak_time":3921,"minecraft:walk_under_water_one_cm":17415,"minecraft:jump":9919,"minecraft:interact_with_brewingstand":1,"minecraft:walk_on_water_one_cm":68218,"minecraft:total_world_time":303721,"minecraft:interact_with_furnace":29,"tombstone:raider_killed":8,"minecraft:interact_with_loom":4,"minecraft:interact_with_stonecutter":1,"minecraft:sleep_in_bed":15,"minecraft:time_since_rest":1729,"minecraft:damage_absorbed":160,"minecraft:damage_taken":18140,"minecraft:damage_dealt":19387,"tombstone:cast_on_ally":1,"minecraft:swim_one_cm":170615,"minecraft:fly_one_cm":3889916,"minecraft:open_chest":103,"minecraft:crouch_one_cm":13010,"tombstone:undead_killed":30,"tombstone:villager_killed":3,"minecraft:horse_one_cm":4050,"minecraft:fall_one_cm":246804,"minecraft:interact_with_smithing_table":1},"minecraft:picked_up":{"minecraft:iron_chestplate":5,"minecraft:crafting_table":2,"born_in_chaos_v1:diamond_termite_shard":4,"minecraft:wheat":182,"minecraft:clay_ball":4,"illagerinvasion:platinum_chunk":1,"minecraft:golden_pickaxe":1,"minecraft:leather_leggings":4,"born_in_chaos_v1:black_argillite_brick_wall":2,"minecraft:enchanted_book":4,"tombstone:grave_key":1,"epicfight:stray_pants":1,"minecraft:smooth_stone_slab":6,"alexsmobs:gazelle_horn":1,"minecraft:string":61,"minecraft:iron_axe":1,"minecraft:iron_leggings":9,"minecraft:item_frame":23,"minecraft:armor_stand":13,"minecraft:spruce_planks":1,"minecraft:beef":47,"minecraft:poppy":1,"alexsmobs:raccoon_tail":2,"minecraft:coal_block":16,"minecraft:iron_boots":10,"minecraft:furnace":5,"minecraft:stone":1,"simplyswords:diamond_cutlass":2,"minecraft:tipped_arrow":1,"minecraft:raw_iron":46,"born_in_chaos_v1:shattered_skull":1,"minecraft:copper_ingot":6,"minecraft:oak_fence":11,"minecraft:spruce_stairs":5,"epicfight:skillbook":1,"minecraft:stone_button":7,"minecraft:cookie":1,"tombstone:grave_dust":3,"born_in_chaos_v1:pieceofdarkmetal":5,"minecraft:goat_horn":1,"minecraft:brown_carpet":1,"minecraft:dark_oak_planks":85,"luminousworld:grassflowers":3,"minecraft:arrow":33,"minecraft:rotten_flesh":36,"blue_skies:moonstone_shard":2,"minecraft:diamond_boots":3,"minecraft:hay_block":71,"minecraft:iron_block":1,"alexsmobs:emu_egg":1,"minecraft:gold_ingot":8,"supplementaries:ash":5,"minecraft:obsidian":2,"minecraft:mutton":37,"minecraft:white_wool":20,"minecraft:cobblestone":50,"minecraft:oxeye_daisy":1,"born_in_chaos_v1:corpse_maggot":3,"minecraft:leather_chestplate":5,"minecraft:lilac":1,"minecraft:iron_door":1,"minecraft:leather":14,"minecraft:brown_wool":1,"alexsmobs:bison_fur":3,"minecraft:oak_log":41,"minecraft:dirt":393,"minecraft:paper":15,"minecraft:lantern":2,"tombstone:gift":1,"minecraft:cooked_mutton":3,"minecraft:bone":42,"minecraft:stone_bricks":6,"minecraft:bow":4,"simpleplanes:plane_workbench":1,"minecraft:wheat_seeds":207,"minecraft:iron_ingot":7,"minecraft:oak_fence_gate":2,"minecraft:gray_bed":2,"minecraft:oak_planks":1,"minecraft:iron_sword":1,"minecraft:scaffolding":2,"simpleplanes:plane":20,"minecraft:music_disc_13":2,"minecraft:quartz":1,"born_in_chaos_v1:ethereal_spirit":2,"minecraft:blast_furnace":1,"minecraft:spruce_sapling":1,"minecraft:spruce_log":13,"minecraft:mud_brick_wall":1,"naturalist:duck_egg":1,"minecraft:white_bed":14,"minecraft:dark_oak_log":5,"minecraft:spider_eye":32,"minecraft:leather_helmet":7,"minecraft:bundle":2,"minecraft:firework_rocket":1,"minecraft:diamond":2,"minecraft:stone_axe":1,"minecraft:iron_helmet":7,"minecraft:emerald":9,"minecraft:chainmail_helmet":1,"minecraft:bread":175,"minecraft:allium":7,"luminousworld:groundpebbles_1":6,"tombstone:magic_scroll":1,"minecraft:oak_sapling":5,"minecraft:damaged_anvil":1,"minecraft:coal":37,"minecraft:ender_pearl":1},"minecraft:killed":{"undead_revamp2:thehunter":1,"born_in_chaos_v1:restless_spirit":1,"minecraft:vindicator":1,"alexsmobs:raccoon":1,"minecraft:spider":28,"born_in_chaos_v1:skeleton_thrasher_not_despawn":1,"enemyexpansion:direwolf":1,"born_in_chaos_v1:zombie_bruiser":1,"born_in_chaos_v1:baby_skeleton_minion":2,"born_in_chaos_v1:maggot":2,"minecraft:horse":1,"minecraft:skeleton":4,"blue_skies:gatekeeper":1,"born_in_chaos_v1:skeleton_thrasher":1,"alexsmobs:bison":2,"earthmobsmod:albino_cow":3,"friendsandfoes:copper_golem":2,"minecraft:pig":1,"born_in_chaos_v1:diamond_termite":5,"undead_revamp2:the_moonflower":1,"born_in_chaos_v1:decrepit_skeleton":4,"minecraft:sheep":16,"minecraft:pillager":7,"born_in_chaos_v1:corpse_fly":3,"minecraft:zombie":7,"born_in_chaos_v1:bonescaller_not_despawn":1,"alexsmobs:gazelle":1,"minecraft:stray":7,"minecraft:villager":2,"minecraft:cow":6},"minecraft:used":{"minecraft:oak_fence":2,"born_in_chaos_v1:ethereal_spirit":2,"minecraft:iron_sword":25,"minecraft:iron_chestplate":2,"minecraft:torch":60,"minecraft:dirt":59,"minecraft:mutton":3,"minecraft:oak_fence_gate":1,"minecraft:wooden_axe":1,"minecraft:dark_oak_planks":128,"simplyswords:gold_scythe":4,"minecraft:iron_axe":54,"minecraft:iron_helmet":1,"simplyswords:diamond_cutlass":460,"minecraft:iron_boots":1,"minecraft:stone_bricks":6,"simpleplanes:plane":20,"minecraft:bow":64,"minecraft:brown_carpet":1,"minecraft:beef":21,"minecraft:scaffolding":2,"minecraft:gray_bed":2,"minecraft:goat_horn":11,"minecraft:furnace":3,"tombstone:gift":9,"minecraft:enchanted_golden_apple":1,"minecraft:iron_leggings":1,"epicfight:skillbook":8,"minecraft:oak_planks":3,"minecraft:diamond_axe":66,"minecraft:cookie":1,"minecraft:white_wool":7,"minecraft:crafting_table":6,"minecraft:white_bed":11,"minecraft:oak_log":6,"minecraft:diamond_pickaxe":34,"minecraft:apple":10,"minecraft:bread":132,"minecraft:brown_wool":1,"minecraft:iron_pickaxe":164,"tombstone:magic_scroll":2,"tombstone:grave_key":2,"simpleplanes:plane_workbench":1,"minecraft:stone_axe":4,"quark:dark_oak_chest":1,"minecraft:cobblestone":28,"minecraft:golden_pickaxe":1,"minecraft:experience_bottle":2},"minecraft:dropped":{"minecraft:bread":96,"minecraft:enchanted_book":4,"minecraft:iron_ingot":1,"born_in_chaos_v1:shattered_skull":1,"minecraft:wheat_seeds":138,"minecraft:oak_log":1,"minecraft:lilac":1,"minecraft:oak_fence":9,"minecraft:iron_helmet":6,"minecraft:leather":4,"improvableskills:parchment_fragment":4,"born_in_chaos_v1:pieceofdarkmetal":5,"minecraft:dirt":9,"minecraft:oxeye_daisy":1,"minecraft:leather_helmet":5,"minecraft:coal":2,"minecraft:music_disc_13":2,"minecraft:item_frame":10,"minecraft:stick":8,"minecraft:stone_button":4,"tombstone:grave_key":2,"tombstone:grave_dust":1,"minecraft:iron_leggings":7,"minecraft:iron_axe":1,"minecraft:paper":14,"minecraft:dark_oak_planks":18,"minecraft:string":73,"alexsmobs:raccoon_tail":1,"minecraft:white_wool":5,"minecraft:music_disc_cat":1,"minecraft:armor_stand":7,"minecraft:gold_ingot":14,"minecraft:bone":20,"naturalist:duck_egg":1,"minecraft:goat_horn":1,"alexsmobs:gazelle_horn":1,"alexscaves:cave_tablet":4,"minecraft:wheat":4,"born_in_chaos_v1:ethereal_spirit":1,"tombstone:gift":2,"minecraft:rotten_flesh":18,"minecraft:clay_ball":4,"minecraft:iron_boots":10,"minecraft:cooked_mutton":2,"blue_skies:moonstone_shard":4,"alexsmobs:emu_egg":1,"minecraft:white_bed":3,"minecraft:blast_furnace":1,"minecraft:poppy":1,"minecraft:leather_chestplate":3,"supplementaries:ash":3,"luminousworld:grassflowers":2,"minecraft:allium":4,"minecraft:iron_chestplate":4,"luminousworld:groundpebbles_1":5,"born_in_chaos_v1:corpse_maggot":3,"minecraft:oak_sapling":6,"minecraft:spider_eye":12,"minecraft:leather_leggings":3,"minecraft:arrow":6,"minecraft:bow":1,"minecraft:quartz":1,"epicfight:skillbook":2,"minecraft:firework_rocket":1},"minecraft:broken":{"epicfight:stray_pants":1,"minecraft:iron_chestplate":1,"minecraft:iron_helmet":1},"minecraft:crafted":{"minecraft:smooth_stone":3,"minecraft:oak_planks":24,"simpleplanes:plane_workbench":1,"minecraft:blast_furnace":1,"minecraft:stone":4,"quark:dark_oak_chest":2,"minecraft:iron_boots":1,"tombstone:grave_key":1,"minecraft:iron_axe":1,"quark:thatch":60,"simpleplanes:propeller":2,"simpleplanes:plane":1,"minecraft:dark_oak_planks":120,"sophisticatedbackpacks:iron_backpack":1,"minecraft:wheat":699,"sophisticatedbackpacks:backpack":1,"minecraft:crafting_table":5,"minecraft:spruce_planks":24,"simpleplanes:furnace_engine":1,"minecraft:gold_block":1,"minecraft:bread":278,"minecraft:air":0,"minecraft:light_weighted_pressure_plate":3,"minecraft:iron_chestplate":1,"minecraft:diamond_pickaxe":1,"minecraft:stick":36,"minecraft:iron_ingot":46,"minecraft:iron_pickaxe":1,"minecraft:wooden_axe":1,"minecraft:gold_ingot":12,"minecraft:torch":60},"minecraft:mined":{"minecraft:dark_oak_planks":5,"luminousworld:groundpebbles_1":1,"simpleplanes:plane_workbench":1,"minecraft:white_bed":12,"biomesoplenty:desert_grass":6,"minecraft:dark_oak_log":5,"born_in_chaos_v1:infected_diamond_ore":3,"minecraft:obsidian":2,"minecraft:grass_block":21,"minecraft:glow_lichen":1,"biomesoplenty:bush":4,"born_in_chaos_v1:black_argillite_brick_wall":2,"minecraft:decorated_pot":1,"spore:fungal_stem":7,"luminousworld:grassvariant_2":2,"minecraft:coal_block":16,"spore:growths_small":3,"minecraft:spruce_leaves":1,"minecraft:mud_brick_wall":1,"minecraft:spawner":2,"minecraft:hay_block":72,"minecraft:tall_seagrass":1,"minecraft:furnace":5,"spore:blomfung":5,"minecraft:iron_ore":46,"minecraft:barrel":1,"minecraft:fire":3,"spore:growth_mycelium":6,"minecraft:deepslate_iron_ore":1,"minecraft:iron_block":1,"minecraft:stone":63,"minecraft:scaffolding":2,"minecraft:glass_pane":1,"spore:growths_big":3,"minecraft:oak_fence":12,"minecraft:crafting_table":2,"minecraft:poppy":1,"minecraft:campfire":4,"minecraft:tall_grass":15,"minecraft:oak_planks":2,"minecraft:damaged_anvil":1,"minecraft:iron_door":1,"minecraft:spruce_stairs":5,"spore:bloomfung2":10,"minecraft:smooth_stone_slab":3,"minecraft:gray_bed":2,"minecraft:spruce_log":14,"minecraft:lilac":1,"minecraft:grass":57,"minecraft:oak_log":43,"minecraft:coal_ore":38,"luminousworld:ishstone":4,"minecraft:oak_fence_gate":2,"minecraft:dirt":8,"luminousworld:grassvariant_3":1,"minecraft:cobweb":1,"minecraft:oak_leaves":8}},"DataVersion":3465}