{"stats":{"minecraft:custom":{"minecraft:mob_kills":8,"minecraft:interact_with_crafting_table":11,"minecraft:open_barrel":12,"minecraft:interact_with_loom":4,"minecraft:time_since_death":17120,"minecraft:sleep_in_bed":2,"minecraft:climb_one_cm":6864,"minecraft:time_since_rest":1963,"minecraft:sprint_one_cm":201830,"minecraft:damage_taken":1664,"minecraft:walk_one_cm":153913,"minecraft:drop":35,"minecraft:damage_dealt":860,"minecraft:swim_one_cm":36119,"minecraft:talked_to_villager":1,"minecraft:fly_one_cm":488465,"minecraft:open_chest":36,"minecraft:crouch_one_cm":1183,"minecraft:play_time":54246,"minecraft:deaths":5,"minecraft:sneak_time":302,"minecraft:walk_under_water_one_cm":3034,"minecraft:jump":1313,"minecraft:walk_on_water_one_cm":24249,"minecraft:total_world_time":54246,"minecraft:fall_one_cm":17470},"minecraft:picked_up":{"minecraft:crafting_table":1,"minecraft:iron_chestplate":1,"minecraft:wheat":182,"minecraft:oak_log":1,"alexsmobs:gazelle_horn":1,"minecraft:armor_stand":4,"minecraft:iron_leggings":4,"minecraft:cooked_mutton":3,"minecraft:item_frame":5,"minecraft:bow":1,"minecraft:wheat_seeds":174,"minecraft:iron_ingot":3,"minecraft:poppy":1,"minecraft:iron_boots":4,"minecraft:oak_fence":3,"born_in_chaos_v1:ethereal_spirit":1,"minecraft:white_bed":1,"minecraft:dark_oak_log":5,"minecraft:iron_helmet":1,"minecraft:hay_block":21,"minecraft:bread":1,"minecraft:mutton":11,"minecraft:white_wool":5},"minecraft:killed":{"minecraft:sheep":5,"alexsmobs:gazelle":1,"minecraft:cow":2},"minecraft:used":{"epicfight:skillbook":8,"born_in_chaos_v1:ethereal_spirit":2,"minecraft:crafting_table":2,"minecraft:white_bed":1,"minecraft:dark_oak_planks":51,"minecraft:iron_axe":7,"minecraft:bread":15,"simplyswords:diamond_cutlass":39,"minecraft:goat_horn":9,"tombstone:gift":2,"minecraft:experience_bottle":2},"minecraft:dropped":{"minecraft:iron_ingot":1,"minecraft:bread":5,"minecraft:wheat_seeds":125,"alexsmobs:gazelle_horn":1,"minecraft:oak_log":1,"born_in_chaos_v1:ethereal_spirit":1,"minecraft:iron_boots":4,"minecraft:cooked_mutton":2,"minecraft:coal":2,"minecraft:item_frame":5,"minecraft:poppy":1,"tombstone:grave_key":1,"minecraft:iron_chestplate":1,"minecraft:iron_leggings":3,"minecraft:arrow":6,"minecraft:music_disc_cat":1,"epicfight:skillbook":2,"minecraft:gold_ingot":5,"minecraft:armor_stand":4},"minecraft:crafted":{"minecraft:crafting_table":1,"minecraft:bread":128,"minecraft:iron_boots":1,"minecraft:iron_chestplate":1,"minecraft:iron_axe":1,"minecraft:stick":4,"quark:thatch":60,"minecraft:dark_oak_planks":120,"minecraft:wheat":249},"minecraft:mined":{"minecraft:white_bed":1,"biomesoplenty:desert_grass":1,"minecraft:dark_oak_log":5,"minecraft:oak_fence":3,"minecraft:crafting_table":1,"minecraft:poppy":1,"minecraft:tall_grass":2,"minecraft:hay_block":21,"minecraft:grass":5,"minecraft:oak_log":1}},"DataVersion":3465}