{"stats":{"minecraft:killed_by":{"minecraft:husk":1},"minecraft:custom":{"minecraft:mob_kills":98,"minecraft:interact_with_crafting_table":29,"minecraft:open_barrel":44,"minecraft:bell_ring":8,"minecraft:damage_dealt_resisted":2450,"minecraft:eat_cake_slice":5,"minecraft:time_since_death":4206,"minecraft:climb_one_cm":10979,"minecraft:sprint_one_cm":958283,"minecraft:walk_one_cm":678752,"minecraft:drop":148,"minecraft:talked_to_villager":35,"minecraft:play_time":222246,"minecraft:deaths":24,"minecraft:sneak_time":2331,"minecraft:walk_under_water_one_cm":6169,"minecraft:jump":6880,"minecraft:interact_with_brewingstand":1,"minecraft:walk_on_water_one_cm":47728,"minecraft:total_world_time":222246,"minecraft:interact_with_furnace":17,"tombstone:raider_killed":3,"minecraft:interact_with_loom":4,"minecraft:interact_with_stonecutter":1,"minecraft:sleep_in_bed":12,"minecraft:time_since_rest":4122,"minecraft:damage_taken":10292,"minecraft:damage_dealt":15758,"minecraft:swim_one_cm":130468,"minecraft:fly_one_cm":2591720,"minecraft:open_chest":96,"minecraft:crouch_one_cm":9419,"tombstone:undead_killed":29,"tombstone:villager_killed":2,"minecraft:horse_one_cm":4050,"minecraft:fall_one_cm":188041,"minecraft:interact_with_smithing_table":1},"minecraft:picked_up":{"minecraft:iron_chestplate":5,"minecraft:crafting_table":1,"born_in_chaos_v1:diamond_termite_shard":4,"minecraft:wheat":182,"illagerinvasion:platinum_chunk":1,"minecraft:golden_pickaxe":1,"minecraft:leather_leggings":4,"born_in_chaos_v1:black_argillite_brick_wall":2,"minecraft:enchanted_book":4,"tombstone:grave_key":1,"epicfight:stray_pants":1,"alexsmobs:gazelle_horn":1,"minecraft:string":61,"minecraft:iron_axe":1,"minecraft:iron_leggings":9,"minecraft:item_frame":21,"minecraft:armor_stand":13,"minecraft:beef":16,"minecraft:poppy":1,"alexsmobs:raccoon_tail":2,"minecraft:coal_block":16,"minecraft:iron_boots":10,"minecraft:furnace":3,"simplyswords:diamond_cutlass":2,"minecraft:tipped_arrow":1,"minecraft:raw_iron":46,"born_in_chaos_v1:shattered_skull":1,"minecraft:copper_ingot":6,"minecraft:oak_fence":11,"minecraft:spruce_stairs":5,"epicfight:skillbook":1,"minecraft:cookie":1,"tombstone:grave_dust":3,"born_in_chaos_v1:pieceofdarkmetal":5,"minecraft:goat_horn":1,"minecraft:brown_carpet":1,"minecraft:dark_oak_planks":85,"minecraft:arrow":29,"minecraft:rotten_flesh":31,"minecraft:diamond_boots":3,"minecraft:hay_block":71,"minecraft:iron_block":1,"minecraft:gold_ingot":6,"supplementaries:ash":2,"minecraft:obsidian":2,"minecraft:mutton":37,"minecraft:white_wool":20,"minecraft:cobblestone":28,"born_in_chaos_v1:corpse_maggot":1,"minecraft:leather_chestplate":5,"minecraft:lilac":1,"minecraft:iron_door":1,"minecraft:leather":5,"minecraft:brown_wool":1,"minecraft:oak_log":18,"minecraft:dirt":23,"minecraft:paper":15,"minecraft:lantern":2,"tombstone:gift":1,"minecraft:cooked_mutton":3,"minecraft:bone":39,"minecraft:stone_bricks":6,"minecraft:bow":4,"simpleplanes:plane_workbench":1,"minecraft:wheat_seeds":181,"minecraft:iron_ingot":7,"minecraft:oak_fence_gate":2,"minecraft:iron_sword":1,"minecraft:scaffolding":2,"simpleplanes:plane":3,"minecraft:music_disc_13":2,"minecraft:quartz":1,"born_in_chaos_v1:ethereal_spirit":2,"minecraft:mud_brick_wall":1,"naturalist:duck_egg":1,"minecraft:white_bed":11,"minecraft:dark_oak_log":5,"minecraft:spider_eye":32,"minecraft:leather_helmet":7,"minecraft:bundle":2,"minecraft:firework_rocket":1,"minecraft:diamond":2,"minecraft:stone_axe":1,"minecraft:iron_helmet":7,"minecraft:emerald":8,"minecraft:chainmail_helmet":1,"minecraft:bread":175,"luminousworld:groundpebbles_1":3,"tombstone:magic_scroll":1,"minecraft:oak_sapling":1,"minecraft:damaged_anvil":1,"minecraft:coal":37,"minecraft:ender_pearl":1},"minecraft:killed":{"born_in_chaos_v1:restless_spirit":1,"alexsmobs:raccoon":1,"minecraft:spider":27,"born_in_chaos_v1:skeleton_thrasher_not_despawn":1,"born_in_chaos_v1:zombie_bruiser":1,"born_in_chaos_v1:baby_skeleton_minion":2,"born_in_chaos_v1:maggot":2,"minecraft:horse":1,"minecraft:skeleton":4,"born_in_chaos_v1:skeleton_thrasher":1,"friendsandfoes:copper_golem":2,"minecraft:pig":1,"born_in_chaos_v1:diamond_termite":5,"undead_revamp2:the_moonflower":1,"born_in_chaos_v1:decrepit_skeleton":4,"minecraft:sheep":16,"minecraft:pillager":3,"minecraft:zombie":7,"born_in_chaos_v1:bonescaller_not_despawn":1,"alexsmobs:gazelle":1,"minecraft:stray":7,"minecraft:villager":2,"minecraft:cow":6},"minecraft:used":{"minecraft:oak_fence":2,"born_in_chaos_v1:ethereal_spirit":2,"minecraft:iron_sword":23,"minecraft:iron_chestplate":2,"minecraft:torch":60,"minecraft:mutton":3,"minecraft:oak_fence_gate":1,"minecraft:wooden_axe":1,"minecraft:dark_oak_planks":128,"simplyswords:gold_scythe":4,"minecraft:iron_axe":54,"minecraft:iron_helmet":1,"simplyswords:diamond_cutlass":394,"minecraft:iron_boots":1,"minecraft:stone_bricks":6,"simpleplanes:plane":3,"minecraft:bow":10,"minecraft:brown_carpet":1,"minecraft:scaffolding":2,"minecraft:goat_horn":11,"minecraft:furnace":3,"tombstone:gift":7,"minecraft:iron_leggings":1,"epicfight:skillbook":8,"minecraft:oak_planks":3,"minecraft:diamond_axe":15,"minecraft:cookie":1,"minecraft:white_wool":5,"minecraft:crafting_table":4,"minecraft:white_bed":9,"minecraft:oak_log":6,"minecraft:diamond_pickaxe":3,"minecraft:bread":97,"minecraft:brown_wool":1,"minecraft:iron_pickaxe":164,"tombstone:magic_scroll":2,"tombstone:grave_key":2,"simpleplanes:plane_workbench":1,"minecraft:stone_axe":4,"quark:dark_oak_chest":1,"minecraft:cobblestone":28,"minecraft:golden_pickaxe":1,"minecraft:experience_bottle":2},"minecraft:dropped":{"minecraft:bread":69,"minecraft:enchanted_book":4,"minecraft:iron_ingot":1,"born_in_chaos_v1:shattered_skull":1,"minecraft:wheat_seeds":132,"minecraft:oak_log":1,"minecraft:lilac":1,"minecraft:oak_fence":9,"minecraft:iron_helmet":6,"improvableskills:parchment_fragment":4,"born_in_chaos_v1:pieceofdarkmetal":5,"minecraft:leather_helmet":5,"minecraft:coal":2,"minecraft:music_disc_13":2,"minecraft:item_frame":10,"minecraft:stick":8,"tombstone:grave_key":2,"minecraft:iron_leggings":7,"minecraft:paper":14,"minecraft:dark_oak_planks":18,"minecraft:string":73,"alexsmobs:raccoon_tail":1,"minecraft:white_wool":5,"minecraft:music_disc_cat":1,"minecraft:armor_stand":7,"minecraft:gold_ingot":14,"minecraft:bone":17,"naturalist:duck_egg":1,"minecraft:goat_horn":1,"alexsmobs:gazelle_horn":1,"alexscaves:cave_tablet":4,"minecraft:wheat":4,"born_in_chaos_v1:ethereal_spirit":1,"tombstone:gift":2,"minecraft:rotten_flesh":13,"minecraft:iron_boots":10,"minecraft:cooked_mutton":2,"minecraft:white_bed":2,"minecraft:poppy":1,"minecraft:leather_chestplate":3,"minecraft:iron_chestplate":4,"luminousworld:groundpebbles_1":2,"born_in_chaos_v1:corpse_maggot":1,"minecraft:oak_sapling":1,"minecraft:spider_eye":12,"minecraft:leather_leggings":3,"minecraft:arrow":6,"minecraft:bow":1,"minecraft:quartz":1,"epicfight:skillbook":2,"minecraft:firework_rocket":1},"minecraft:broken":{"epicfight:stray_pants":1},"minecraft:crafted":{"minecraft:oak_planks":24,"simpleplanes:plane_workbench":1,"quark:dark_oak_chest":2,"minecraft:iron_boots":1,"tombstone:grave_key":1,"minecraft:iron_axe":1,"quark:thatch":60,"simpleplanes:propeller":2,"simpleplanes:plane":1,"minecraft:dark_oak_planks":120,"sophisticatedbackpacks:iron_backpack":1,"minecraft:wheat":699,"sophisticatedbackpacks:backpack":1,"minecraft:crafting_table":4,"minecraft:gold_block":1,"minecraft:bread":278,"minecraft:air":0,"minecraft:iron_chestplate":1,"minecraft:diamond_pickaxe":1,"minecraft:stick":36,"minecraft:iron_ingot":46,"minecraft:iron_pickaxe":1,"minecraft:wooden_axe":1,"minecraft:gold_ingot":12,"minecraft:torch":60},"minecraft:mined":{"minecraft:dark_oak_planks":5,"luminousworld:groundpebbles_1":1,"simpleplanes:plane_workbench":1,"minecraft:white_bed":10,"biomesoplenty:desert_grass":1,"minecraft:dark_oak_log":5,"born_in_chaos_v1:infected_diamond_ore":3,"minecraft:obsidian":2,"minecraft:grass_block":20,"minecraft:glow_lichen":1,"biomesoplenty:bush":4,"born_in_chaos_v1:black_argillite_brick_wall":2,"minecraft:coal_block":16,"minecraft:mud_brick_wall":1,"minecraft:spawner":2,"minecraft:hay_block":72,"minecraft:tall_seagrass":1,"minecraft:furnace":3,"minecraft:iron_ore":46,"minecraft:fire":3,"minecraft:deepslate_iron_ore":1,"minecraft:iron_block":1,"minecraft:stone":41,"minecraft:scaffolding":2,"minecraft:oak_fence":11,"minecraft:crafting_table":1,"minecraft:poppy":1,"minecraft:campfire":4,"minecraft:tall_grass":6,"minecraft:damaged_anvil":1,"minecraft:iron_door":1,"minecraft:spruce_stairs":5,"minecraft:lilac":1,"minecraft:grass":10,"minecraft:oak_log":17,"minecraft:coal_ore":38,"luminousworld:ishstone":4,"minecraft:oak_fence_gate":2,"minecraft:dirt":4,"minecraft:cobweb":1,"minecraft:oak_leaves":7}},"DataVersion":3465}