{"stats":{"minecraft:custom":{"minecraft:mob_kills":64,"minecraft:interact_with_crafting_table":18,"minecraft:open_barrel":41,"minecraft:bell_ring":8,"minecraft:damage_dealt_resisted":1186,"minecraft:eat_cake_slice":3,"minecraft:time_since_death":2610,"minecraft:climb_one_cm":9908,"minecraft:sprint_one_cm":648608,"minecraft:walk_one_cm":431340,"minecraft:drop":98,"minecraft:talked_to_villager":31,"minecraft:play_time":138246,"minecraft:deaths":12,"minecraft:sneak_time":1665,"minecraft:walk_under_water_one_cm":4948,"minecraft:jump":4514,"minecraft:interact_with_brewingstand":1,"minecraft:walk_on_water_one_cm":41570,"minecraft:total_world_time":138246,"minecraft:interact_with_furnace":12,"minecraft:interact_with_loom":4,"minecraft:interact_with_stonecutter":1,"minecraft:sleep_in_bed":6,"minecraft:time_since_rest":2068,"minecraft:damage_taken":5544,"minecraft:damage_dealt":9552,"minecraft:swim_one_cm":110100,"minecraft:fly_one_cm":1667208,"minecraft:open_chest":63,"minecraft:crouch_one_cm":7403,"tombstone:undead_killed":15,"tombstone:villager_killed":2,"minecraft:horse_one_cm":4050,"minecraft:fall_one_cm":110198,"minecraft:interact_with_smithing_table":1},"minecraft:picked_up":{"minecraft:iron_chestplate":2,"minecraft:crafting_table":1,"born_in_chaos_v1:diamond_termite_shard":4,"minecraft:wheat":182,"minecraft:leather_leggings":4,"minecraft:enchanted_book":4,"alexsmobs:gazelle_horn":1,"minecraft:string":33,"minecraft:iron_axe":1,"minecraft:iron_leggings":5,"minecraft:item_frame":16,"minecraft:armor_stand":10,"minecraft:beef":16,"minecraft:poppy":1,"alexsmobs:raccoon_tail":2,"minecraft:coal_block":16,"minecraft:iron_boots":6,"minecraft:furnace":3,"minecraft:tipped_arrow":1,"minecraft:raw_iron":46,"born_in_chaos_v1:shattered_skull":1,"minecraft:copper_ingot":6,"minecraft:oak_fence":11,"minecraft:spruce_stairs":5,"born_in_chaos_v1:pieceofdarkmetal":5,"minecraft:goat_horn":1,"minecraft:dark_oak_planks":63,"minecraft:arrow":9,"minecraft:rotten_flesh":24,"minecraft:diamond_boots":3,"minecraft:hay_block":68,"minecraft:iron_block":1,"minecraft:gold_ingot":2,"supplementaries:ash":2,"minecraft:mutton":29,"minecraft:white_wool":17,"minecraft:cobblestone":28,"born_in_chaos_v1:corpse_maggot":1,"minecraft:leather_chestplate":5,"minecraft:lilac":1,"minecraft:iron_door":1,"minecraft:leather":5,"minecraft:brown_wool":1,"minecraft:oak_log":2,"minecraft:paper":15,"minecraft:lantern":2,"tombstone:gift":1,"minecraft:cooked_mutton":3,"minecraft:bone":11,"minecraft:stone_bricks":6,"minecraft:bow":4,"minecraft:wheat_seeds":181,"minecraft:iron_ingot":5,"minecraft:oak_fence_gate":2,"minecraft:music_disc_13":2,"minecraft:quartz":1,"born_in_chaos_v1:ethereal_spirit":1,"minecraft:white_bed":7,"minecraft:dark_oak_log":5,"minecraft:spider_eye":20,"minecraft:leather_helmet":7,"minecraft:firework_rocket":1,"minecraft:iron_helmet":3,"minecraft:chainmail_helmet":1,"minecraft:bread":175,"luminousworld:groundpebbles_1":1,"tombstone:magic_scroll":1,"minecraft:oak_sapling":1,"minecraft:damaged_anvil":1,"minecraft:coal":37,"minecraft:ender_pearl":1},"minecraft:killed":{"alexsmobs:raccoon":1,"minecraft:spider":16,"born_in_chaos_v1:skeleton_thrasher_not_despawn":1,"born_in_chaos_v1:zombie_bruiser":1,"born_in_chaos_v1:maggot":1,"minecraft:horse":1,"minecraft:skeleton":3,"friendsandfoes:copper_golem":2,"minecraft:pig":1,"born_in_chaos_v1:diamond_termite":5,"undead_revamp2:the_moonflower":1,"born_in_chaos_v1:decrepit_skeleton":2,"minecraft:sheep":13,"minecraft:zombie":5,"alexsmobs:gazelle":1,"minecraft:stray":2,"minecraft:villager":2,"minecraft:cow":6},"minecraft:used":{"minecraft:oak_fence":2,"born_in_chaos_v1:ethereal_spirit":2,"minecraft:torch":60,"minecraft:mutton":3,"minecraft:oak_fence_gate":1,"minecraft:dark_oak_planks":119,"minecraft:iron_axe":52,"simplyswords:diamond_cutlass":280,"minecraft:stone_bricks":6,"minecraft:goat_horn":10,"minecraft:furnace":3,"tombstone:gift":5,"epicfight:skillbook":8,"minecraft:white_wool":5,"minecraft:crafting_table":4,"minecraft:white_bed":5,"minecraft:bread":62,"minecraft:brown_wool":1,"minecraft:iron_pickaxe":162,"tombstone:magic_scroll":2,"quark:dark_oak_chest":1,"minecraft:cobblestone":28,"minecraft:experience_bottle":2},"minecraft:dropped":{"minecraft:bread":69,"minecraft:enchanted_book":4,"minecraft:iron_ingot":1,"minecraft:wheat_seeds":132,"minecraft:oak_log":1,"minecraft:lilac":1,"minecraft:oak_fence":9,"minecraft:iron_helmet":3,"improvableskills:parchment_fragment":4,"born_in_chaos_v1:pieceofdarkmetal":1,"minecraft:leather_helmet":5,"minecraft:coal":2,"minecraft:music_disc_13":2,"minecraft:item_frame":7,"minecraft:stick":6,"tombstone:grave_key":1,"minecraft:iron_leggings":4,"minecraft:paper":14,"alexsmobs:raccoon_tail":1,"minecraft:white_wool":5,"minecraft:music_disc_cat":1,"minecraft:armor_stand":7,"minecraft:gold_ingot":5,"minecraft:bone":8,"minecraft:goat_horn":1,"alexsmobs:gazelle_horn":1,"alexscaves:cave_tablet":4,"minecraft:wheat":4,"born_in_chaos_v1:ethereal_spirit":1,"tombstone:gift":2,"minecraft:rotten_flesh":8,"minecraft:iron_boots":7,"minecraft:cooked_mutton":2,"minecraft:white_bed":2,"minecraft:poppy":1,"minecraft:leather_chestplate":3,"minecraft:iron_chestplate":2,"luminousworld:groundpebbles_1":1,"born_in_chaos_v1:corpse_maggot":1,"minecraft:oak_sapling":1,"minecraft:leather_leggings":3,"minecraft:arrow":6,"minecraft:bow":1,"minecraft:quartz":1,"epicfight:skillbook":2,"minecraft:firework_rocket":1},"minecraft:crafted":{"minecraft:oak_planks":4,"quark:dark_oak_chest":2,"minecraft:iron_boots":1,"minecraft:iron_axe":1,"quark:thatch":60,"minecraft:dark_oak_planks":120,"minecraft:wheat":672,"sophisticatedbackpacks:backpack":1,"minecraft:crafting_table":3,"minecraft:gold_block":1,"minecraft:bread":269,"minecraft:air":0,"minecraft:iron_chestplate":1,"minecraft:stick":24,"minecraft:iron_ingot":13,"minecraft:iron_pickaxe":1,"minecraft:gold_ingot":12,"minecraft:torch":60},"minecraft:mined":{"minecraft:dark_oak_planks":1,"luminousworld:groundpebbles_1":1,"minecraft:white_bed":6,"biomesoplenty:desert_grass":1,"minecraft:dark_oak_log":5,"born_in_chaos_v1:infected_diamond_ore":3,"minecraft:glow_lichen":1,"biomesoplenty:bush":2,"minecraft:coal_block":16,"minecraft:spawner":2,"minecraft:hay_block":69,"minecraft:tall_seagrass":1,"minecraft:furnace":3,"minecraft:iron_ore":46,"minecraft:fire":3,"minecraft:deepslate_iron_ore":1,"minecraft:iron_block":1,"minecraft:stone":41,"minecraft:oak_fence":11,"minecraft:crafting_table":1,"minecraft:poppy":1,"minecraft:campfire":4,"minecraft:tall_grass":5,"minecraft:damaged_anvil":1,"minecraft:iron_door":1,"minecraft:spruce_stairs":5,"minecraft:lilac":1,"minecraft:grass":9,"minecraft:oak_log":1,"minecraft:coal_ore":38,"luminousworld:ishstone":4,"minecraft:oak_fence_gate":2,"minecraft:cobweb":1,"minecraft:oak_leaves":5}},"DataVersion":3465}