{"stats":{"minecraft:mined":{"minecraft:grass":8,"minecraft:grass_block":8,"minecraft:oak_log":2,"minecraft:dirt":4,"minecraft:tall_grass":5,"minecraft:spruce_leaves":1,"minecraft:spruce_log":1,"minecraft:oak_leaves":1},"minecraft:custom":{"minecraft:time_since_rest":933,"minecraft:damage_taken":1050,"minecraft:play_time":17690,"minecraft:sprint_one_cm":57277,"minecraft:walk_one_cm":37177,"minecraft:deaths":4,"minecraft:sneak_time":1,"minecraft:mob_kills":2,"minecraft:jump":482,"minecraft:damage_dealt":665,"minecraft:leave_game":8,"minecraft:time_since_death":2379,"minecraft:walk_on_water_one_cm":2102,"minecraft:total_world_time":17690,"minecraft:fall_one_cm":11889,"minecraft:fly_one_cm":176061},"minecraft:killed":{"alexsmobs:fly":1,"born_in_chaos_v1:restless_spirit":1},"minecraft:picked_up":{"minecraft:rotten_flesh":3,"minecraft:wheat_seeds":2,"born_in_chaos_v1:ethereal_spirit":1,"minecraft:oak_log":2,"alexsmobs:emu_egg":1,"minecraft:chain":1,"born_in_chaos_v1:pieceofdarkmetal":3,"minecraft:spruce_log":1,"minecraft:dirt":12},"minecraft:crafted":{"minecraft:oak_planks":8,"minecraft:crafting_table":1,"minecraft:spruce_planks":4},"minecraft:used":{"alexsmobs:emu_egg":1,"minecraft:dirt":11,"born_in_chaos_v1:ethereal_spirit":6,"tombstone:gift":2,"minecraft:chain":1}},"DataVersion":3465}