{"stats":{"minecraft:used":{"minecraft:dirt":3,"born_in_chaos_v1:ethereal_spirit":6,"minecraft:chain":1,"tombstone:gift":2},"minecraft:mined":{"minecraft:grass":7,"minecraft:grass_block":7,"minecraft:oak_log":2,"minecraft:tall_grass":2,"minecraft:oak_leaves":1},"minecraft:picked_up":{"minecraft:wheat_seeds":2,"born_in_chaos_v1:ethereal_spirit":1,"minecraft:oak_log":2,"minecraft:chain":1,"minecraft:dirt":7},"minecraft:custom":{"minecraft:time_since_rest":88,"minecraft:damage_taken":500,"minecraft:sprint_one_cm":21903,"minecraft:play_time":9524,"minecraft:deaths":2,"minecraft:walk_one_cm":14789,"minecraft:mob_kills":1,"minecraft:jump":202,"minecraft:damage_dealt":465,"minecraft:leave_game":5,"minecraft:time_since_death":366,"minecraft:total_world_time":9524,"minecraft:fall_one_cm":4956,"minecraft:fly_one_cm":61244},"minecraft:killed":{"born_in_chaos_v1:restless_spirit":1}},"DataVersion":3465}