{"stats":{"minecraft:custom":{"minecraft:jump":56,"minecraft:time_since_rest":4168,"minecraft:crouch_one_cm":412,"minecraft:leave_game":1,"minecraft:sprint_one_cm":9301,"minecraft:play_time":4168,"minecraft:time_since_death":4168,"minecraft:walk_one_cm":3294,"minecraft:sneak_time":28,"minecraft:total_world_time":4168,"minecraft:fall_one_cm":1881,"minecraft:fly_one_cm":26978},"minecraft:used":{"biomesoplenty:dried_salt":4},"minecraft:mined":{"biomesoplenty:dried_salt":5},"minecraft:picked_up":{"biomesoplenty:dried_salt":4}},"DataVersion":3465}