{"stats":{"minecraft:custom":{"minecraft:jump":33,"minecraft:time_since_rest":1416,"minecraft:leave_game":1,"minecraft:sprint_one_cm":6045,"minecraft:play_time":1416,"minecraft:time_since_death":1416,"minecraft:walk_one_cm":3191,"minecraft:total_world_time":1416,"minecraft:fall_one_cm":627,"minecraft:fly_one_cm":14887},"minecraft:used":{"minecraft:dirt":2},"minecraft:mined":{"minecraft:grass":3,"minecraft:tall_grass":2,"biomesoplenty:clover":1,"minecraft:grass_block":2,"minecraft:mud":1},"minecraft:picked_up":{"minecraft:mud":1,"minecraft:dirt":2}},"DataVersion":3465}