{"stats":{"minecraft:custom":{"minecraft:jump":34,"minecraft:crouch_one_cm":135,"minecraft:time_since_rest":2211,"minecraft:leave_game":2,"minecraft:play_time":2211,"minecraft:sprint_one_cm":6193,"minecraft:time_since_death":2211,"minecraft:walk_one_cm":3770,"minecraft:sneak_time":6,"minecraft:total_world_time":2211,"minecraft:fall_one_cm":627,"minecraft:fly_one_cm":15179},"minecraft:used":{"minecraft:dirt":2},"minecraft:mined":{"minecraft:tall_grass":2,"minecraft:grass":3,"biomesoplenty:clover":2,"minecraft:grass_block":2,"minecraft:mud":1},"minecraft:picked_up":{"minecraft:mud":1,"minecraft:dirt":2}},"DataVersion":3465}