{"stats":{"minecraft:custom":{"minecraft:interact_with_smithing_table":1,"minecraft:interact_with_furnace":1,"minecraft:mob_kills":6,"minecraft:interact_with_crafting_table":5,"minecraft:damage_dealt_resisted":9,"minecraft:eat_cake_slice":2,"minecraft:time_since_death":17815,"minecraft:sleep_in_bed":1,"minecraft:time_since_rest":10441,"minecraft:sprint_one_cm":187270,"minecraft:damage_taken":1755,"minecraft:walk_one_cm":198239,"minecraft:drop":7,"minecraft:damage_dealt":756,"minecraft:talked_to_villager":3,"minecraft:fly_one_cm":335680,"minecraft:open_chest":16,"minecraft:crouch_one_cm":9489,"minecraft:play_time":27711,"minecraft:deaths":6,"minecraft:sneak_time":982,"minecraft:walk_under_water_one_cm":95,"minecraft:interact_with_brewingstand":1,"minecraft:jump":791,"minecraft:walk_on_water_one_cm":1075,"minecraft:total_world_time":27711,"minecraft:fall_one_cm":24091},"minecraft:picked_up":{"luminousworld:groundpebbles_1":4,"minecraft:crafting_table":1,"minecraft:wheat":33,"biomesoplenty:goldenrod":2,"minecraft:leather":4,"minecraft:enchanted_book":2,"minecraft:oak_log":5,"tombstone:grave_key":1,"minecraft:map":1,"minecraft:lapis_lazuli":1,"minecraft:dirt":6,"minecraft:armor_stand":1,"minecraft:cooked_mutton":1,"minecraft:item_frame":20,"minecraft:zombie_head":1,"minecraft:bone":2,"minecraft:experience_bottle":3,"minecraft:wheat_seeds":61,"minecraft:beef":8,"minecraft:iron_ingot":4,"minecraft:furnace":1,"quark:blossom_log":11,"minecraft:porkchop":6,"minecraft:grass_block":1,"minecraft:spruce_log":5,"minecraft:acacia_stairs":1,"minecraft:golden_chestplate":1,"minecraft:orange_bed":1,"minecraft:rotten_flesh":2,"minecraft:hay_block":40,"alexsmobs:emu_egg":2,"minecraft:gold_ingot":5,"minecraft:emerald":3,"minecraft:cobblestone":7},"minecraft:mined":{"luminousworld:groundpebbles_1":1,"minecraft:glass_pane":2,"quark:orange_blossom_leaves":1,"minecraft:crafting_table":1,"minecraft:grass_block":2,"quark:blossom_log":11,"minecraft:tall_grass":4,"minecraft:cobblestone":1,"minecraft:spruce_leaves":2,"biomesoplenty:goldenrod":4,"minecraft:hay_block":40,"minecraft:furnace":1,"minecraft:wheat":3,"minecraft:spruce_log":6,"minecraft:acacia_stairs":1,"minecraft:grass":23,"minecraft:oak_log":5,"minecraft:zombie_head":1,"minecraft:dirt":4,"luminousworld:groundpebbles_2":3,"minecraft:stone":6,"minecraft:oak_leaves":1,"minecraft:orange_bed":1},"minecraft:dropped":{"minecraft:item_frame":1,"tombstone:grave_key":5,"minecraft:map":1},"minecraft:crafted":{"quark:blossom_planks":24,"minecraft:crafting_table":1,"minecraft:wooden_pickaxe":1,"minecraft:stone_axe":1,"minecraft:stick":4,"minecraft:iron_pickaxe":1,"minecraft:torch":4,"minecraft:golden_sword":1},"minecraft:killed":{"minecraft:pig":2,"minecraft:cow":4},"minecraft:used":{"alexsmobs:emu_egg":2,"minecraft:cooked_mutton":1,"minecraft:water_bucket":3,"minecraft:wooden_pickaxe":10,"minecraft:leather_chestplate":1,"luminousworld:groundpebbles_1":2,"minecraft:leather_boots":1,"minecraft:rotten_flesh":2,"minecraft:dirt":6,"minecraft:crafting_table":1,"minecraft:acacia_stairs":1,"minecraft:bread":3,"minecraft:item_frame":2,"minecraft:stone_axe":26,"minecraft:cobblestone":1,"minecraft:bucket":4,"tombstone:gift":2,"alexsmobs:animal_dictionary":1,"minecraft:iron_leggings":1}},"DataVersion":3465}