{"stats":{"minecraft:killed_by":{"spore:inf_human":1},"minecraft:picked_up":{"spore:mutated_heart":2,"luminousworld:groundpebbles_1":4,"minecraft:crafting_table":5,"minecraft:wheat":44,"minecraft:wooden_pickaxe":9,"minecraft:enchanted_book":2,"tombstone:grave_key":2,"minecraft:amethyst_block":3,"minecraft:string":1,"aether:diamond_gloves":1,"minecraft:item_frame":21,"minecraft:armor_stand":1,"minecraft:iron_shovel":1,"minecraft:experience_bottle":3,"minecraft:zombie_head":2,"minecraft:cobbled_deepslate":534,"minecraft:bucket":1,"minecraft:beef":8,"minecraft:furnace":2,"minecraft:raw_iron":35,"spore:wing_membrane":4,"farmersdelight:rotten_tomato":1,"minecraft:torch":24,"quark:blossom_log":14,"minecraft:porkchop":10,"farmersdelight:tomato_seeds":1,"tombstone:grave_dust":1,"minecraft:golden_chestplate":2,"minecraft:orange_bed":2,"minecraft:rotten_flesh":2,"artifacts:villager_hat":1,"supplementaries:antique_ink":2,"minecraft:hay_block":40,"minecraft:iron_block":2,"alexsmobs:emu_egg":2,"minecraft:gold_ingot":10,"supplementaries:ash":11,"minecraft:obsidian":4,"minecraft:cobblestone":150,"minecraft:enchanting_table":1,"minecraft:water_bucket":2,"luminousworld:ishstone":2,"biomesoplenty:goldenrod":2,"minecraft:leather":4,"minecraft:flint":3,"minecraft:tuff":133,"minecraft:oak_log":10,"supplementaries:flax_seeds":11,"minecraft:lapis_lazuli":20,"minecraft:map":1,"farmersdelight:tomato":9,"minecraft:dirt":26,"tombstone:gift":2,"minecraft:cooked_mutton":1,"minecraft:bone":2,"minecraft:stone_bricks":1,"minecraft:wheat_seeds":96,"minecraft:iron_ingot":9,"minecraft:glowstone_dust":5,"minecraft:gray_bed":1,"minecraft:oak_planks":17,"minecraft:book":3,"minecraft:gravel":13,"minecraft:amethyst_shard":20,"minecraft:grass_block":1,"minecraft:spruce_log":5,"minecraft:acacia_stairs":1,"spore:claw_fragment":2,"minecraft:diamond":95,"minecraft:deepslate":1,"minecraft:emerald":4,"minecraft:coal":8,"minecraft:diamond_pickaxe":1},"minecraft:custom":{"minecraft:interact_with_smithing_table":1,"minecraft:mob_kills":11,"minecraft:interact_with_crafting_table":31,"minecraft:open_barrel":27,"minecraft:damage_dealt_resisted":9,"minecraft:eat_cake_slice":10,"minecraft:leave_game":3,"minecraft:time_since_death":78753,"minecraft:climb_one_cm":1976,"minecraft:sprint_one_cm":455675,"minecraft:walk_one_cm":597997,"minecraft:drop":139,"minecraft:talked_to_villager":3,"minecraft:play_time":147457,"minecraft:deaths":13,"minecraft:sneak_time":9423,"minecraft:walk_under_water_one_cm":26859,"minecraft:interact_with_brewingstand":2,"minecraft:jump":2109,"minecraft:interact_with_blast_furnace":1,"minecraft:enchant_item":7,"minecraft:walk_on_water_one_cm":39683,"minecraft:total_world_time":147457,"minecraft:interact_with_furnace":18,"tombstone:raider_killed":1,"minecraft:interact_with_loom":4,"minecraft:sleep_in_bed":4,"minecraft:time_since_rest":76354,"minecraft:damage_taken":4711,"minecraft:damage_dealt":2609,"minecraft:swim_one_cm":50347,"minecraft:fly_one_cm":686727,"minecraft:open_chest":51,"minecraft:crouch_one_cm":50451,"tombstone:undead_killed":2,"minecraft:fall_one_cm":55498},"minecraft:killed":{"minecraft:vindicator":1,"quark:toretoise":1,"minecraft:pig":2,"minecraft:zombie":1,"spore:busser":1,"born_in_chaos_v1:siamese_skeletonsleft":1,"minecraft:cow":4},"minecraft:used":{"minecraft:enchanting_table":1,"minecraft:rotten_flesh":2,"minecraft:orange_bed":1,"minecraft:torch":21,"minecraft:dirt":6,"minecraft:spyglass":1,"minecraft:tuff":22,"farmersdelight:tomato":3,"epicfight:diamond_greatsword":6,"minecraft:item_frame":2,"supplementaries:ash":1,"minecraft:goat_horn":2,"minecraft:furnace":1,"tombstone:gift":3,"minecraft:cooked_beef":5,"minecraft:cobbled_deepslate":67,"minecraft:iron_leggings":1,"minecraft:cooked_mutton":1,"minecraft:water_bucket":17,"minecraft:oak_planks":16,"minecraft:wooden_pickaxe":64,"minecraft:leather_chestplate":1,"luminousworld:groundpebbles_1":2,"minecraft:leather_boots":1,"minecraft:crafting_table":6,"minecraft:diamond_pickaxe":650,"minecraft:acacia_stairs":1,"minecraft:bread":9,"minecraft:iron_pickaxe":212,"minecraft:stone_axe":26,"minecraft:diamond_sword":20,"minecraft:cobblestone":1,"minecraft:porkchop":4,"minecraft:cooked_porkchop":2,"minecraft:bucket":18,"alexsmobs:animal_dictionary":1,"epicfight:diamond_longsword":10,"minecraft:experience_bottle":3,"alexsmobs:emu_egg":2},"minecraft:dropped":{"farmersdelight:tomato_seeds":1,"minecraft:water_bucket":1,"minecraft:iron_ingot":4,"minecraft:porkchop":4,"minecraft:wheat_seeds":90,"luminousworld:ishstone":2,"minecraft:cobblestone":101,"minecraft:book":1,"minecraft:amethyst_block":3,"minecraft:item_frame":2,"minecraft:flint":2,"minecraft:dirt":14,"tombstone:grave_key":6,"minecraft:map":1,"minecraft:zombie_head":2,"minecraft:iron_leggings":1,"minecraft:iron_pickaxe":1,"spore:mutated_heart":2,"minecraft:iron_shovel":2,"minecraft:string":1,"minecraft:bucket":1,"spore:claw_fragment":2,"minecraft:gravel":7,"farmersdelight:rotten_tomato":1,"minecraft:stone_axe":1,"minecraft:golden_chestplate":2,"minecraft:cobbled_deepslate":329,"minecraft:deepslate":1,"minecraft:tuff":148,"minecraft:wheat":8,"tombstone:gift":1,"artifacts:villager_hat":1,"minecraft:iron_boots":1,"supplementaries:antique_ink":2,"supplementaries:flax_seeds":8,"supplementaries:ash":10,"aether:diamond_gloves":1,"minecraft:diamond_pickaxe":1,"minecraft:golden_sword":1,"minecraft:wooden_pickaxe":10,"farmersdelight:tomato":6,"spore:wing_membrane":4},"minecraft:crafted":{"epicfight:diamond_greatsword":1,"minecraft:oak_planks":40,"minecraft:golden_chestplate":1,"minecraft:spyglass":1,"minecraft:diamond_helmet":1,"minecraft:diamond_leggings":1,"minecraft:diamond_boots":1,"aether:diamond_gloves":1,"minecraft:golden_sword":1,"sophisticatedbackpacks:iron_backpack":1,"minecraft:cooked_beef":8,"minecraft:diamond_sword":1,"sophisticatedbackpacks:backpack":1,"quark:blossom_planks":36,"minecraft:cooked_porkchop":2,"epicfight:diamond_longsword":1,"minecraft:crafting_table":2,"minecraft:enchanting_table":1,"minecraft:iron_helmet":1,"minecraft:wooden_pickaxe":4,"minecraft:stone_axe":1,"minecraft:bread":1,"minecraft:air":0,"minecraft:diamond_pickaxe":1,"minecraft:stick":20,"quark:oak_chest":1,"minecraft:iron_ingot":8,"minecraft:iron_pickaxe":1,"minecraft:torch":4,"minecraft:diamond_chestplate":1},"minecraft:mined":{"minecraft:diamond_ore":5,"luminousworld:groundpebbles_1":1,"minecraft:tuff":28,"minecraft:farmland":1,"quark:orange_blossom_leaves":1,"minecraft:deepslate_diamond_ore":90,"minecraft:obsidian":4,"minecraft:grass_block":3,"farmersdelight:tomatoes":1,"minecraft:spruce_leaves":2,"minecraft:hay_block":40,"minecraft:glowstone":2,"minecraft:furnace":2,"minecraft:iron_ore":27,"minecraft:cobbled_deepslate":6,"minecraft:acacia_stairs":1,"minecraft:deepslate_lapis_ore":2,"minecraft:enchanting_table":1,"minecraft:deepslate_iron_ore":2,"minecraft:iron_block":2,"luminousworld:groundpebbles_2":3,"minecraft:stone":69,"minecraft:orange_bed":2,"minecraft:glass_pane":2,"minecraft:medium_amethyst_bud":2,"minecraft:amethyst_cluster":5,"minecraft:crafting_table":5,"minecraft:calcite":4,"quark:blossom_log":14,"minecraft:tall_grass":5,"minecraft:cobblestone":3,"minecraft:deepslate_gold_ore":1,"minecraft:oak_planks":3,"minecraft:wall_torch":3,"minecraft:amethyst_block":4,"biomesoplenty:goldenrod":4,"supplementaries:urn":13,"minecraft:wheat":6,"minecraft:gray_bed":1,"minecraft:spruce_log":6,"minecraft:grass":23,"minecraft:oak_log":10,"luminousworld:ishstone":4,"minecraft:zombie_head":1,"minecraft:gravel":18,"minecraft:dirt":14,"minecraft:smooth_basalt":5,"minecraft:polished_andesite":2,"minecraft:stone_bricks":4,"minecraft:oak_leaves":2,"minecraft:deepslate":626}},"DataVersion":3465}