{"stats":{"minecraft:custom":{"minecraft:jump":73,"minecraft:time_since_rest":163,"minecraft:damage_dealt":57,"minecraft:sprint_one_cm":10740,"minecraft:deaths":3,"minecraft:play_time":3711,"minecraft:damage_taken":895,"minecraft:time_since_death":315,"minecraft:walk_one_cm":15562,"minecraft:total_world_time":3711,"minecraft:fall_one_cm":476,"minecraft:fly_one_cm":28353,"minecraft:damage_dealt_resisted":9},"minecraft:picked_up":{"luminousworld:groundpebbles_1":4},"minecraft:mined":{"luminousworld:groundpebbles_1":1,"minecraft:grass":1,"luminousworld:groundpebbles_2":3},"minecraft:used":{"alexsmobs:animal_dictionary":1,"tombstone:gift":1}},"DataVersion":3465}