{"stats":{"minecraft:killed_by":{"spore:inf_human":1},"minecraft:picked_up":{"spore:mutated_heart":2,"luminousworld:groundpebbles_1":4,"minecraft:crafting_table":5,"minecraft:wheat":44,"minecraft:anvil":2,"minecraft:wooden_pickaxe":9,"minecraft:gold_block":1,"minecraft:enchanted_book":2,"minecraft:stone_brick_stairs":1,"tombstone:grave_key":2,"minecraft:shield":1,"minecraft:amethyst_block":3,"spore:innards":1,"minecraft:string":66,"aether:diamond_gloves":1,"minecraft:item_frame":21,"minecraft:armor_stand":1,"minecraft:iron_shovel":1,"minecraft:experience_bottle":3,"minecraft:zombie_head":2,"minecraft:cobbled_deepslate":534,"minecraft:bucket":1,"minecraft:beef":34,"minecraft:coal_block":3,"minecraft:furnace":4,"minecraft:stick":1,"minecraft:raw_iron":35,"born_in_chaos_v1:shattered_skull":3,"spore:wing_membrane":4,"farmersdelight:rotten_tomato":1,"minecraft:oak_fence":2,"minecraft:torch":24,"quark:blossom_log":14,"minecraft:porkchop":13,"farmersdelight:tomato_seeds":1,"tombstone:grave_dust":1,"minecraft:chiseled_nether_bricks":1,"minecraft:golden_chestplate":2,"minecraft:orange_bed":2,"minecraft:arrow":1,"minecraft:stone_sword":4,"minecraft:polished_basalt":1,"minecraft:nether_bricks":5,"minecraft:rotten_flesh":11,"minecraft:carved_pumpkin":1,"artifacts:villager_hat":1,"supplementaries:antique_ink":2,"minecraft:hay_block":41,"minecraft:iron_block":3,"alexsmobs:emu_egg":2,"minecraft:gold_ingot":15,"supplementaries:ash":13,"minecraft:blaze_rod":7,"minecraft:obsidian":12,"minecraft:iron_bars":1,"minecraft:cobblestone":150,"minecraft:oxeye_daisy":1,"minecraft:enchanting_table":2,"minecraft:basalt":2,"minecraft:golden_carrot":1,"minecraft:water_bucket":2,"luminousworld:ishstone":2,"biomesoplenty:goldenrod":2,"minecraft:leather":16,"minecraft:potato":1,"minecraft:flint":4,"minecraft:tuff":133,"minecraft:oak_log":12,"supplementaries:flax_seeds":11,"minecraft:lapis_lazuli":20,"minecraft:map":1,"farmersdelight:tomato":9,"minecraft:dirt":36,"tombstone:gift":2,"minecraft:cooked_mutton":1,"minecraft:bone":21,"minecraft:stone_bricks":3,"minecraft:wheat_seeds":97,"minecraft:iron_ingot":9,"spore:mutated_fiber":4,"tombstone:bag_of_seeds":1,"minecraft:glowstone_dust":5,"minecraft:gray_bed":2,"minecraft:oak_planks":17,"minecraft:book":3,"spore:cerebrum":1,"spore:armor_fragment":9,"born_in_chaos_v1:ethereal_spirit":1,"minecraft:gravel":42,"minecraft:amethyst_shard":20,"minecraft:nether_brick_stairs":1,"minecraft:grass_block":1,"minecraft:spruce_log":5,"minecraft:acacia_stairs":1,"minecraft:crying_obsidian":2,"minecraft:spider_eye":12,"epicfight:diamond_longsword":1,"minecraft:bundle":1,"spore:claw_fragment":2,"minecraft:diamond":95,"minecraft:deepslate":1,"minecraft:emerald":4,"minecraft:oak_sapling":1,"minecraft:netherrack":14,"minecraft:coal":14,"minecraft:diamond_pickaxe":1},"minecraft:custom":{"minecraft:interact_with_smithing_table":1,"minecraft:interact_with_anvil":13,"minecraft:mob_kills":66,"minecraft:interact_with_crafting_table":60,"minecraft:open_barrel":77,"minecraft:damage_dealt_resisted":783,"minecraft:eat_cake_slice":11,"minecraft:leave_game":4,"minecraft:time_since_death":141170,"minecraft:climb_one_cm":2102,"minecraft:sprint_one_cm":701073,"minecraft:walk_one_cm":997290,"minecraft:damage_blocked_by_shield":360,"minecraft:drop":165,"minecraft:talked_to_villager":6,"minecraft:play_time":209874,"minecraft:deaths":13,"minecraft:sneak_time":10562,"minecraft:walk_under_water_one_cm":31665,"minecraft:interact_with_brewingstand":2,"minecraft:jump":3436,"minecraft:interact_with_blast_furnace":1,"minecraft:enchant_item":10,"minecraft:walk_on_water_one_cm":54637,"minecraft:total_world_time":209874,"minecraft:interact_with_furnace":60,"tombstone:raider_killed":1,"minecraft:interact_with_loom":4,"minecraft:sleep_in_bed":8,"minecraft:time_since_rest":18545,"minecraft:damage_taken":7190,"minecraft:damage_dealt":13064,"minecraft:swim_one_cm":82322,"minecraft:fly_one_cm":1109303,"minecraft:open_chest":72,"minecraft:crouch_one_cm":56108,"tombstone:undead_killed":27,"minecraft:fall_one_cm":97057},"minecraft:killed":{"born_in_chaos_v1:pumpkin_spirit":1,"minecraft:vindicator":1,"quark:toretoise":1,"undead_revamp2:bomber":1,"born_in_chaos_v1:zombie_bruiser":1,"minecraft:skeleton":2,"minecraft:horse":1,"minecraft:bee":1,"earthmobsmod:albino_cow":4,"minecraft:pig":4,"minecraft:zombie_villager":1,"enemyexpansion:sprinter":1,"spore:brute":1,"minecraft:zombie":2,"spore:busser":1,"minecraft:wither_skeleton":18,"minecraft:blaze":11,"born_in_chaos_v1:siamese_skeletonsleft":1,"minecraft:cow":11},"minecraft:used":{"minecraft:enchanting_table":2,"minecraft:flint_and_steel":1,"minecraft:shield":3,"minecraft:netherrack":14,"minecraft:rotten_flesh":2,"minecraft:orange_bed":1,"minecraft:torch":21,"minecraft:dirt":13,"minecraft:spyglass":1,"minecraft:anvil":1,"minecraft:nether_bricks":3,"minecraft:tuff":22,"minecraft:nether_brick_stairs":1,"minecraft:obsidian":7,"farmersdelight:tomato":3,"epicfight:diamond_greatsword":91,"minecraft:item_frame":2,"minecraft:bow":10,"minecraft:golden_carrot":1,"minecraft:gray_bed":1,"supplementaries:ash":1,"minecraft:goat_horn":2,"minecraft:furnace":2,"tombstone:gift":4,"minecraft:cooked_beef":32,"minecraft:cobbled_deepslate":67,"minecraft:iron_leggings":1,"minecraft:cooked_mutton":1,"minecraft:water_bucket":24,"minecraft:oak_planks":16,"minecraft:wooden_pickaxe":64,"minecraft:leather_chestplate":1,"minecraft:chiseled_nether_bricks":1,"luminousworld:groundpebbles_1":2,"minecraft:leather_boots":1,"minecraft:crafting_table":7,"minecraft:diamond_pickaxe":701,"minecraft:acacia_stairs":1,"minecraft:bread":10,"minecraft:iron_pickaxe":212,"minecraft:gravel":29,"minecraft:stone_axe":26,"minecraft:diamond_sword":20,"minecraft:cobblestone":1,"minecraft:porkchop":4,"minecraft:cooked_porkchop":2,"minecraft:bucket":25,"alexsmobs:animal_dictionary":1,"epicfight:diamond_longsword":62,"minecraft:experience_bottle":3,"alexsmobs:emu_egg":2},"minecraft:dropped":{"farmersdelight:tomato_seeds":1,"minecraft:water_bucket":1,"minecraft:iron_ingot":4,"born_in_chaos_v1:shattered_skull":2,"minecraft:porkchop":4,"minecraft:wheat_seeds":91,"epicfight:diamond_longsword":1,"luminousworld:ishstone":2,"minecraft:diamond":2,"minecraft:cobblestone":101,"minecraft:book":1,"minecraft:amethyst_block":3,"minecraft:golden_apple":1,"minecraft:item_frame":2,"minecraft:flint":2,"minecraft:oxeye_daisy":1,"minecraft:dirt":17,"tombstone:grave_key":6,"minecraft:map":1,"minecraft:zombie_head":2,"minecraft:iron_leggings":1,"minecraft:polished_basalt":1,"minecraft:iron_pickaxe":1,"spore:mutated_heart":2,"minecraft:iron_shovel":2,"minecraft:string":1,"minecraft:bucket":1,"spore:claw_fragment":2,"minecraft:gravel":7,"farmersdelight:rotten_tomato":1,"minecraft:stone_axe":1,"minecraft:stone_sword":4,"minecraft:golden_chestplate":2,"minecraft:cobbled_deepslate":329,"minecraft:deepslate":1,"minecraft:tuff":148,"minecraft:wheat":8,"tombstone:gift":1,"minecraft:rotten_flesh":1,"artifacts:villager_hat":1,"minecraft:iron_boots":1,"supplementaries:antique_ink":2,"supplementaries:flax_seeds":8,"supplementaries:ash":12,"aether:diamond_gloves":1,"minecraft:iron_chestplate":1,"minecraft:diamond_pickaxe":1,"minecraft:carved_pumpkin":1,"minecraft:golden_sword":1,"minecraft:stone_bricks":1,"minecraft:basalt":2,"minecraft:iron_bars":1,"minecraft:wooden_pickaxe":10,"minecraft:stone_brick_stairs":1,"farmersdelight:tomato":6,"spore:wing_membrane":4},"minecraft:crafted":{"epicfight:diamond_greatsword":1,"minecraft:oak_planks":48,"minecraft:golden_chestplate":1,"minecraft:spyglass":1,"minecraft:flint_and_steel":1,"minecraft:diamond_helmet":1,"minecraft:bow":4,"minecraft:diamond_leggings":1,"minecraft:diamond_boots":1,"aether:diamond_gloves":1,"minecraft:golden_sword":1,"sophisticatedbackpacks:iron_backpack":4,"minecraft:cooked_beef":34,"enchantinginfuser:enchanting_infuser":1,"minecraft:diamond_sword":1,"sophisticatedbackpacks:backpack":4,"quark:blossom_planks":36,"minecraft:cooked_porkchop":2,"epicfight:diamond_longsword":1,"minecraft:crafting_table":2,"minecraft:enchanting_table":1,"minecraft:iron_helmet":1,"minecraft:wooden_pickaxe":4,"sophisticatedbackpacks:gold_backpack":1,"minecraft:stone_axe":1,"minecraft:bread":1,"minecraft:air":0,"minecraft:diamond_pickaxe":1,"sophisticatedbackpacks:diamond_backpack":1,"minecraft:stick":20,"quark:oak_chest":4,"minecraft:iron_ingot":33,"minecraft:iron_pickaxe":1,"minecraft:gold_ingot":9,"minecraft:anvil":1,"minecraft:torch":4,"minecraft:crying_obsidian":1,"minecraft:diamond_chestplate":1},"minecraft:mined":{"minecraft:diamond_ore":5,"luminousworld:groundpebbles_1":1,"minecraft:crying_obsidian":2,"minecraft:tuff":28,"minecraft:farmland":1,"quark:orange_blossom_leaves":1,"minecraft:deepslate_diamond_ore":90,"minecraft:obsidian":12,"minecraft:nether_bricks":5,"minecraft:grass_block":8,"minecraft:coal_block":3,"farmersdelight:tomatoes":1,"minecraft:spruce_leaves":2,"minecraft:oxeye_daisy":1,"minecraft:hay_block":40,"minecraft:glowstone":2,"minecraft:furnace":4,"minecraft:polished_basalt":1,"minecraft:iron_ore":27,"minecraft:cobbled_deepslate":6,"minecraft:acacia_stairs":1,"minecraft:nether_brick_stairs":1,"minecraft:anvil":2,"minecraft:deepslate_lapis_ore":2,"minecraft:gold_block":1,"minecraft:enchanting_table":2,"minecraft:deepslate_iron_ore":2,"minecraft:iron_bars":1,"minecraft:iron_block":3,"luminousworld:groundpebbles_2":3,"minecraft:stone":69,"minecraft:orange_bed":2,"minecraft:basalt":2,"minecraft:glass_pane":2,"minecraft:chiseled_nether_bricks":1,"minecraft:medium_amethyst_bud":2,"minecraft:amethyst_cluster":5,"minecraft:oak_fence":2,"minecraft:crafting_table":5,"minecraft:calcite":4,"quark:blossom_log":14,"minecraft:tall_grass":5,"minecraft:cobblestone":3,"biomesoplenty:sprout":1,"minecraft:deepslate_gold_ore":1,"minecraft:oak_planks":3,"minecraft:wall_torch":3,"minecraft:amethyst_block":4,"biomesoplenty:goldenrod":4,"supplementaries:urn":13,"minecraft:seagrass":1,"minecraft:wheat":6,"minecraft:gray_bed":2,"minecraft:spruce_log":6,"minecraft:stone_brick_stairs":1,"minecraft:grass":24,"minecraft:oak_log":12,"luminousworld:ishstone":4,"minecraft:zombie_head":1,"minecraft:gravel":48,"minecraft:dirt":21,"minecraft:smooth_basalt":5,"minecraft:polished_andesite":2,"minecraft:stone_bricks":6,"minecraft:netherrack":17,"minecraft:oak_leaves":2,"minecraft:deepslate":626}},"DataVersion":3465}