{"stats":{"minecraft:custom":{"minecraft:interact_with_smithing_table":1,"minecraft:interact_with_furnace":1,"minecraft:mob_kills":6,"minecraft:interact_with_crafting_table":12,"minecraft:damage_dealt_resisted":9,"minecraft:eat_cake_slice":2,"minecraft:time_since_death":29815,"minecraft:sleep_in_bed":2,"minecraft:time_since_rest":8965,"minecraft:sprint_one_cm":192455,"minecraft:damage_taken":1775,"minecraft:walk_one_cm":240300,"minecraft:drop":20,"minecraft:damage_dealt":756,"minecraft:talked_to_villager":3,"minecraft:fly_one_cm":343298,"minecraft:open_chest":16,"minecraft:crouch_one_cm":24150,"minecraft:play_time":39711,"minecraft:deaths":6,"minecraft:sneak_time":4329,"minecraft:walk_under_water_one_cm":95,"minecraft:interact_with_brewingstand":1,"minecraft:jump":864,"minecraft:walk_on_water_one_cm":1081,"minecraft:total_world_time":39711,"minecraft:fall_one_cm":26404},"minecraft:picked_up":{"luminousworld:groundpebbles_1":4,"minecraft:crafting_table":2,"minecraft:wheat":33,"biomesoplenty:goldenrod":2,"minecraft:leather":4,"minecraft:enchanted_book":2,"minecraft:oak_log":5,"tombstone:grave_key":1,"minecraft:map":1,"minecraft:lapis_lazuli":15,"minecraft:dirt":6,"minecraft:armor_stand":1,"minecraft:cooked_mutton":1,"minecraft:item_frame":20,"minecraft:zombie_head":2,"minecraft:bone":2,"minecraft:experience_bottle":3,"minecraft:wheat_seeds":61,"minecraft:cobbled_deepslate":201,"minecraft:beef":8,"minecraft:iron_ingot":4,"minecraft:furnace":1,"minecraft:raw_iron":7,"minecraft:gravel":1,"quark:blossom_log":11,"minecraft:porkchop":6,"minecraft:grass_block":1,"minecraft:spruce_log":5,"minecraft:acacia_stairs":1,"minecraft:golden_chestplate":2,"minecraft:orange_bed":2,"minecraft:rotten_flesh":2,"minecraft:diamond":54,"minecraft:hay_block":40,"alexsmobs:emu_egg":2,"minecraft:gold_ingot":5,"minecraft:emerald":3,"supplementaries:ash":5,"minecraft:cobblestone":11},"minecraft:mined":{"minecraft:diamond_ore":5,"luminousworld:groundpebbles_1":1,"minecraft:glass_pane":2,"quark:orange_blossom_leaves":1,"minecraft:deepslate_diamond_ore":49,"minecraft:crafting_table":2,"minecraft:grass_block":2,"quark:blossom_log":11,"minecraft:tall_grass":4,"minecraft:cobblestone":1,"minecraft:spruce_leaves":2,"biomesoplenty:goldenrod":4,"supplementaries:urn":2,"minecraft:hay_block":40,"minecraft:furnace":1,"minecraft:iron_ore":8,"minecraft:wheat":3,"minecraft:spruce_log":6,"minecraft:acacia_stairs":1,"minecraft:deepslate_lapis_ore":2,"minecraft:grass":23,"minecraft:oak_log":5,"minecraft:zombie_head":1,"minecraft:gravel":1,"minecraft:dirt":4,"luminousworld:groundpebbles_2":3,"minecraft:stone":10,"minecraft:oak_leaves":1,"minecraft:deepslate":204,"minecraft:orange_bed":2},"minecraft:dropped":{"minecraft:stone_axe":1,"minecraft:golden_chestplate":2,"minecraft:iron_boots":1,"minecraft:item_frame":1,"supplementaries:ash":5,"tombstone:grave_key":5,"minecraft:zombie_head":1,"minecraft:map":1,"minecraft:golden_sword":1,"minecraft:iron_leggings":1,"minecraft:iron_pickaxe":1},"minecraft:crafted":{"minecraft:diamond_sword":1,"quark:blossom_planks":24,"minecraft:crafting_table":1,"minecraft:wooden_pickaxe":1,"minecraft:stone_axe":1,"minecraft:diamond_helmet":1,"minecraft:diamond_pickaxe":1,"minecraft:diamond_leggings":1,"minecraft:stick":4,"minecraft:iron_pickaxe":1,"minecraft:diamond_boots":1,"minecraft:torch":4,"minecraft:golden_sword":1,"minecraft:diamond_chestplate":1},"minecraft:killed":{"minecraft:pig":2,"minecraft:cow":4},"minecraft:used":{"alexsmobs:emu_egg":2,"minecraft:cooked_mutton":1,"minecraft:water_bucket":4,"minecraft:wooden_pickaxe":10,"minecraft:leather_chestplate":1,"luminousworld:groundpebbles_1":2,"minecraft:leather_boots":1,"minecraft:rotten_flesh":2,"minecraft:orange_bed":1,"minecraft:torch":1,"minecraft:dirt":6,"minecraft:crafting_table":2,"minecraft:diamond_pickaxe":61,"minecraft:acacia_stairs":1,"minecraft:bread":5,"minecraft:iron_pickaxe":212,"minecraft:item_frame":2,"minecraft:stone_axe":26,"minecraft:cobblestone":1,"minecraft:bucket":5,"tombstone:gift":2,"alexsmobs:animal_dictionary":1,"minecraft:cobbled_deepslate":2,"minecraft:iron_leggings":1}},"DataVersion":3465}