{"stats":{"minecraft:custom":{"minecraft:time_since_rest":5097,"minecraft:interact_with_furnace":1,"minecraft:sprint_one_cm":86229,"minecraft:damage_taken":1715,"minecraft:walk_one_cm":98495,"minecraft:mob_kills":5,"minecraft:drop":5,"minecraft:damage_dealt":656,"minecraft:interact_with_crafting_table":2,"minecraft:fly_one_cm":218851,"minecraft:open_chest":4,"minecraft:crouch_one_cm":8666,"minecraft:play_time":15711,"minecraft:deaths":6,"minecraft:sneak_time":914,"minecraft:walk_under_water_one_cm":95,"minecraft:jump":489,"minecraft:damage_dealt_resisted":9,"minecraft:time_since_death":5815,"minecraft:walk_on_water_one_cm":919,"minecraft:total_world_time":15711,"minecraft:fall_one_cm":15345},"minecraft:picked_up":{"luminousworld:groundpebbles_1":4,"minecraft:crafting_table":1,"minecraft:wheat":30,"biomesoplenty:goldenrod":2,"minecraft:leather":3,"minecraft:porkchop":6,"minecraft:enchanted_book":1,"quark:blossom_log":11,"minecraft:oak_log":5,"tombstone:grave_key":1,"minecraft:spruce_log":5,"minecraft:grass_block":1,"minecraft:lapis_lazuli":1,"minecraft:dirt":6,"minecraft:item_frame":6,"minecraft:experience_bottle":1,"minecraft:bone":2,"minecraft:rotten_flesh":2,"minecraft:wheat_seeds":57,"minecraft:gold_ingot":1,"minecraft:iron_ingot":1,"minecraft:hay_block":31,"minecraft:beef":5,"alexsmobs:emu_egg":2,"minecraft:emerald":1,"minecraft:furnace":1,"minecraft:cobblestone":7},"minecraft:mined":{"minecraft:hay_block":32,"luminousworld:groundpebbles_1":1,"minecraft:furnace":1,"quark:orange_blossom_leaves":1,"minecraft:wheat":1,"minecraft:spruce_log":6,"minecraft:crafting_table":1,"minecraft:grass":23,"minecraft:grass_block":2,"minecraft:oak_log":5,"quark:blossom_log":11,"minecraft:dirt":4,"minecraft:spruce_leaves":2,"minecraft:tall_grass":3,"minecraft:cobblestone":1,"luminousworld:groundpebbles_2":3,"minecraft:stone":6,"minecraft:oak_leaves":1,"biomesoplenty:goldenrod":4},"minecraft:dropped":{"tombstone:grave_key":5},"minecraft:crafted":{"quark:blossom_planks":24,"minecraft:crafting_table":1,"minecraft:stick":4,"minecraft:wooden_pickaxe":1,"minecraft:stone_axe":1},"minecraft:killed":{"minecraft:pig":2,"minecraft:cow":3},"minecraft:used":{"alexsmobs:emu_egg":2,"minecraft:leather_chestplate":1,"minecraft:wooden_pickaxe":10,"luminousworld:groundpebbles_1":2,"minecraft:leather_boots":1,"minecraft:rotten_flesh":2,"minecraft:stone_axe":23,"minecraft:dirt":5,"minecraft:cobblestone":1,"minecraft:crafting_table":1,"tombstone:gift":2,"alexsmobs:animal_dictionary":1,"minecraft:iron_leggings":1}},"DataVersion":3465}