{"stats":{"minecraft:killed_by":{"spore:inf_human":1,"spore:sieger":1},"minecraft:custom":{"minecraft:interact_with_crafting_table":62,"minecraft:open_barrel":83,"minecraft:eat_cake_slice":11,"minecraft:leave_game":5,"minecraft:time_since_death":5252,"minecraft:sprint_one_cm":787003,"minecraft:damage_blocked_by_shield":480,"minecraft:drop":217,"minecraft:talked_to_villager":6,"minecraft:play_time":245857,"minecraft:deaths":18,"minecraft:jump":3986,"minecraft:interact_with_brewingstand":2,"minecraft:walk_on_water_one_cm":73900,"minecraft:enchant_item":11,"minecraft:interact_with_furnace":60,"minecraft:interact_with_loom":4,"minecraft:sleep_in_bed":8,"minecraft:damage_dealt":15112,"minecraft:crouch_one_cm":58704,"tombstone:undead_killed":29,"minecraft:interact_with_smithing_table":1,"minecraft:mob_kills":77,"minecraft:interact_with_anvil":13,"minecraft:damage_dealt_resisted":809,"minecraft:climb_one_cm":2102,"minecraft:walk_one_cm":1209062,"minecraft:sneak_time":11231,"minecraft:walk_under_water_one_cm":38106,"minecraft:interact_with_blast_furnace":1,"minecraft:total_world_time":245857,"tombstone:raider_killed":1,"minecraft:time_since_rest":4514,"minecraft:damage_taken":9711,"minecraft:swim_one_cm":84217,"minecraft:fly_one_cm":1298235,"minecraft:open_chest":75,"minecraft:fall_one_cm":109370},"minecraft:picked_up":{"spore:mutated_heart":2,"minecraft:wheat":44,"minecraft:anvil":2,"minecraft:enchanted_book":2,"minecraft:stone_brick_stairs":1,"tombstone:grave_key":2,"minecraft:amethyst_block":3,"minecraft:string":66,"spore:innards":1,"aether:diamond_gloves":1,"minecraft:armor_stand":1,"minecraft:zombie_head":2,"minecraft:experience_bottle":3,"minecraft:gold_nugget":5,"minecraft:cobbled_deepslate":601,"minecraft:bucket":1,"minecraft:coal_block":3,"minecraft:furnace":4,"minecraft:stick":1,"born_in_chaos_v1:shattered_skull":3,"farmersdelight:rotten_tomato":1,"minecraft:oak_fence":2,"minecraft:torch":24,"quark:blossom_log":14,"minecraft:porkchop":13,"tombstone:grave_dust":2,"minecraft:golden_chestplate":2,"minecraft:chiseled_nether_bricks":1,"minecraft:orange_bed":2,"minecraft:stone_sword":4,"minecraft:rotten_flesh":13,"artifacts:villager_hat":1,"supplementaries:antique_ink":2,"minecraft:polished_basalt":1,"minecraft:iron_block":3,"minecraft:carved_pumpkin":1,"alexsmobs:emu_egg":2,"supplementaries:ash":13,"minecraft:blaze_rod":7,"minecraft:obsidian":12,"minecraft:iron_bars":1,"minecraft:cobblestone":150,"minecraft:enchanting_table":2,"minecraft:water_bucket":2,"minecraft:potato":1,"minecraft:flint":4,"minecraft:tuff":167,"supplementaries:flax_seeds":11,"minecraft:dirt":47,"minecraft:lapis_lazuli":69,"minecraft:map":1,"farmersdelight:tomato":9,"minecraft:lantern":2,"minecraft:bone":21,"undead_revamp2:blacpetalblock":1,"minecraft:wheat_seeds":104,"minecraft:glowstone_dust":5,"minecraft:oak_planks":18,"spore:cerebrum":1,"spore:armor_fragment":9,"minecraft:nether_brick_stairs":3,"minecraft:grass_block":1,"minecraft:acacia_stairs":1,"minecraft:bundle":1,"spore:claw_fragment":2,"minecraft:diamond":110,"minecraft:deepslate":1,"enchantinginfuser:enchanting_infuser":1,"minecraft:bread":2,"minecraft:emerald":7,"spore:spine_fragment":1,"minecraft:oak_sapling":2,"minecraft:netherrack":704,"minecraft:diamond_pickaxe":1,"luminousworld:groundpebbles_1":4,"minecraft:crafting_table":5,"minecraft:wooden_pickaxe":9,"minecraft:gold_block":1,"minecraft:shield":1,"minecraft:item_frame":23,"minecraft:iron_shovel":1,"minecraft:blackstone":14,"minecraft:beef":42,"minecraft:raw_iron":35,"spore:wing_membrane":4,"farmersdelight:tomato_seeds":3,"minecraft:stone_button":1,"minecraft:arrow":4,"minecraft:nether_bricks":7,"minecraft:hay_block":41,"minecraft:gold_ingot":15,"minecraft:oxeye_daisy":1,"minecraft:basalt":2,"minecraft:golden_carrot":1,"luminousworld:ishstone":2,"biomesoplenty:goldenrod":2,"minecraft:leather":18,"minecraft:oak_log":16,"minecraft:ancient_debris":9,"tombstone:gift":2,"minecraft:cooked_mutton":1,"minecraft:stone_bricks":3,"minecraft:iron_ingot":9,"spore:mutated_fiber":4,"tombstone:bag_of_seeds":1,"minecraft:tall_grass":1,"minecraft:gray_bed":2,"minecraft:acacia_sapling":4,"minecraft:book":3,"minecraft:oak_slab":3,"minecraft:quartz":9,"born_in_chaos_v1:ethereal_spirit":1,"minecraft:gravel":42,"minecraft:amethyst_shard":20,"minecraft:spruce_log":5,"minecraft:crying_obsidian":2,"minecraft:spider_eye":12,"epicfight:diamond_longsword":1,"minecraft:coal":14,"minecraft:ender_pearl":1},"minecraft:killed":{"born_in_chaos_v1:pumpkin_spirit":1,"minecraft:skeleton":2,"minecraft:bee":1,"minecraft:pig":4,"spore:inf_player":2,"minecraft:zombie_villager":1,"spore:inf_villager":2,"minecraft:zombie":2,"minecraft:cow":15,"born_in_chaos_v1:siamese_skeletonsleft":1,"minecraft:blaze":11,"minecraft:vindicator":1,"quark:toretoise":1,"undead_revamp2:bomber":1,"born_in_chaos_v1:zombie_bruiser":1,"minecraft:horse":1,"earthmobsmod:albino_cow":4,"undead_revamp2:the_moonflower":2,"spore:brute":1,"enemyexpansion:sprinter":1,"spore:busser":1,"minecraft:wither_skeleton":18},"minecraft:used":{"alexsmobs:emu_egg":2,"minecraft:shield":6,"minecraft:rotten_flesh":2,"minecraft:nether_bricks":3,"minecraft:tuff":22,"minecraft:obsidian":7,"farmersdelight:tomato":3,"epicfight:diamond_greatsword":119,"minecraft:item_frame":2,"minecraft:bow":13,"supplementaries:ash":1,"minecraft:furnace":2,"minecraft:gray_bed":2,"minecraft:oak_planks":16,"minecraft:leather_chestplate":1,"minecraft:wooden_pickaxe":64,"luminousworld:groundpebbles_1":2,"minecraft:bread":18,"minecraft:gravel":29,"minecraft:diamond_sword":20,"epicfight:diamond_longsword":67,"minecraft:experience_bottle":3,"minecraft:enchanting_table":2,"minecraft:flint_and_steel":1,"minecraft:netherrack":14,"minecraft:orange_bed":1,"minecraft:torch":25,"minecraft:dirt":13,"minecraft:spyglass":5,"minecraft:anvil":1,"minecraft:nether_brick_stairs":1,"minecraft:golden_carrot":1,"minecraft:goat_horn":2,"tombstone:gift":5,"minecraft:cooked_beef":34,"minecraft:cobbled_deepslate":70,"minecraft:iron_leggings":1,"minecraft:cooked_mutton":1,"minecraft:water_bucket":25,"minecraft:chiseled_nether_bricks":1,"minecraft:leather_boots":1,"minecraft:crafting_table":8,"minecraft:acacia_stairs":1,"minecraft:diamond_pickaxe":1626,"minecraft:iron_pickaxe":212,"minecraft:stone_axe":26,"enchantinginfuser:enchanting_infuser":1,"minecraft:cobblestone":1,"minecraft:cooked_porkchop":2,"minecraft:porkchop":4,"minecraft:bucket":26,"alexsmobs:animal_dictionary":1},"minecraft:dropped":{"minecraft:nether_brick_stairs":2,"spore:spine_fragment":1,"minecraft:porkchop":4,"epicfight:diamond_longsword":1,"minecraft:diamond":2,"minecraft:lantern":3,"minecraft:item_frame":4,"minecraft:flint":2,"minecraft:dirt":51,"minecraft:stone_button":3,"minecraft:gold_nugget":5,"minecraft:iron_pickaxe":1,"undead_revamp2:blacpetalblock":1,"minecraft:gravel":7,"minecraft:stone_axe":1,"minecraft:blackstone":14,"minecraft:golden_chestplate":2,"minecraft:cobbled_deepslate":393,"minecraft:wheat":8,"tombstone:gift":1,"minecraft:rotten_flesh":3,"artifacts:villager_hat":1,"minecraft:oak_planks":1,"aether:leather_gloves":1,"supplementaries:antique_ink":2,"supplementaries:flax_seeds":8,"supplementaries:ash":12,"minecraft:acacia_sapling":4,"minecraft:basalt":2,"minecraft:iron_bars":1,"minecraft:stone_brick_stairs":1,"minecraft:netherrack":690,"farmersdelight:tomato_seeds":3,"minecraft:water_bucket":1,"minecraft:iron_ingot":4,"minecraft:oak_slab":3,"born_in_chaos_v1:shattered_skull":2,"minecraft:wheat_seeds":95,"luminousworld:ishstone":2,"minecraft:cobblestone":101,"minecraft:book":1,"minecraft:amethyst_block":3,"minecraft:golden_apple":1,"minecraft:oxeye_daisy":1,"tombstone:grave_key":6,"minecraft:map":1,"minecraft:zombie_head":2,"minecraft:iron_leggings":1,"minecraft:polished_basalt":1,"spore:mutated_heart":2,"minecraft:iron_shovel":2,"minecraft:string":1,"minecraft:bucket":1,"spore:claw_fragment":2,"farmersdelight:rotten_tomato":1,"minecraft:stone_sword":4,"minecraft:deepslate":1,"minecraft:tuff":182,"minecraft:tall_grass":1,"minecraft:iron_boots":1,"minecraft:nether_bricks":4,"aether:diamond_gloves":1,"minecraft:bundle":1,"minecraft:iron_chestplate":1,"minecraft:diamond_pickaxe":1,"minecraft:oak_sapling":1,"minecraft:carved_pumpkin":1,"minecraft:golden_sword":1,"minecraft:stone_bricks":1,"minecraft:wooden_pickaxe":10,"farmersdelight:tomato":6,"spore:wing_membrane":4},"minecraft:mined":{"minecraft:farmland":1,"quark:orange_blossom_leaves":1,"minecraft:obsidian":12,"minecraft:grass_block":8,"minecraft:coal_block":3,"minecraft:oxeye_daisy":1,"minecraft:glowstone":2,"minecraft:iron_ore":27,"minecraft:cobbled_deepslate":8,"minecraft:deepslate_lapis_ore":8,"minecraft:anvil":2,"minecraft:nether_brick_stairs":3,"minecraft:enchanting_table":2,"minecraft:iron_bars":1,"minecraft:iron_block":3,"minecraft:orange_bed":2,"minecraft:blackstone":15,"minecraft:medium_amethyst_bud":2,"minecraft:amethyst_cluster":5,"minecraft:calcite":4,"quark:blossom_log":14,"minecraft:nether_quartz_ore":9,"minecraft:cobblestone":3,"minecraft:oak_planks":3,"placeablesmod:bread_full_block":2,"minecraft:wall_torch":3,"minecraft:amethyst_block":4,"biomesoplenty:goldenrod":4,"minecraft:seagrass":1,"minecraft:wheat":6,"minecraft:stone_brick_stairs":1,"minecraft:grass":24,"minecraft:oak_log":12,"minecraft:dirt":21,"minecraft:smooth_basalt":5,"minecraft:netherrack":777,"minecraft:ancient_debris":9,"minecraft:oak_leaves":2,"minecraft:deepslate":692,"minecraft:nether_gold_ore":2,"luminousworld:groundpebbles_1":1,"minecraft:diamond_ore":5,"minecraft:crying_obsidian":2,"minecraft:tuff":62,"minecraft:deepslate_diamond_ore":105,"enchantinginfuser:enchanting_infuser":1,"minecraft:nether_bricks":7,"farmersdelight:tomatoes":1,"minecraft:spruce_leaves":2,"biomesoplenty:dead_grass":1,"minecraft:hay_block":40,"minecraft:furnace":4,"minecraft:polished_basalt":1,"minecraft:acacia_stairs":1,"minecraft:gold_block":1,"minecraft:deepslate_iron_ore":2,"luminousworld:groundpebbles_2":3,"minecraft:stone":69,"minecraft:glass_pane":2,"minecraft:chiseled_nether_bricks":1,"minecraft:basalt":2,"minecraft:oak_fence":2,"minecraft:crafting_table":5,"minecraft:tall_grass":5,"biomesoplenty:sprout":2,"minecraft:deepslate_gold_ore":1,"supplementaries:urn":13,"minecraft:gray_bed":2,"minecraft:spruce_log":6,"luminousworld:ishstone":4,"minecraft:zombie_head":1,"minecraft:gravel":48,"minecraft:polished_andesite":2,"minecraft:stone_bricks":6},"minecraft:crafted":{"minecraft:oak_planks":48,"minecraft:diamond_helmet":1,"minecraft:diamond_leggings":1,"minecraft:bow":4,"aether:diamond_gloves":1,"minecraft:golden_sword":1,"sophisticatedbackpacks:backpack":4,"quark:blossom_planks":36,"minecraft:cooked_porkchop":2,"enchantinginfuser:enchanting_infuser":1,"minecraft:crafting_table":2,"minecraft:wooden_pickaxe":4,"minecraft:iron_helmet":1,"minecraft:diamond_pickaxe":2,"sophisticatedbackpacks:diamond_backpack":1,"minecraft:stick":20,"quark:oak_chest":4,"minecraft:iron_ingot":33,"minecraft:iron_pickaxe":1,"minecraft:gold_ingot":9,"epicfight:diamond_greatsword":1,"minecraft:golden_chestplate":1,"minecraft:spyglass":1,"minecraft:flint_and_steel":1,"minecraft:diamond_boots":1,"sophisticatedbackpacks:iron_backpack":4,"minecraft:cooked_beef":34,"minecraft:diamond_sword":1,"epicfight:diamond_longsword":1,"minecraft:enchanting_table":1,"sophisticatedbackpacks:gold_backpack":1,"minecraft:stone_axe":1,"minecraft:bread":1,"minecraft:air":0,"minecraft:anvil":1,"minecraft:torch":4,"minecraft:crying_obsidian":1,"minecraft:diamond_chestplate":1}},"DataVersion":3465}