{"stats":{"minecraft:custom":{"minecraft:time_since_rest":7692,"minecraft:interact_with_furnace":5,"minecraft:sprint_one_cm":135379,"minecraft:damage_taken":90,"minecraft:walk_one_cm":74707,"minecraft:drop":4,"minecraft:damage_dealt":20,"minecraft:interact_with_crafting_table":1,"minecraft:talked_to_villager":1,"minecraft:fly_one_cm":130367,"minecraft:open_barrel":2,"minecraft:open_chest":12,"minecraft:crouch_one_cm":518,"minecraft:play_time":23624,"minecraft:sneak_time":114,"minecraft:jump":310,"minecraft:eat_cake_slice":2,"minecraft:time_since_death":23624,"minecraft:leave_game":2,"minecraft:walk_on_water_one_cm":270,"minecraft:sleep_in_bed":1,"minecraft:total_world_time":23624,"minecraft:fall_one_cm":6508},"minecraft:picked_up":{"minecraft:book":4,"minecraft:redstone_block":1,"minecraft:pumpkin":1,"farmersdelight:rotten_tomato":4,"minecraft:oak_log":3,"minecraft:yellow_bed":2,"minecraft:redstone":5,"farmersdelight:tomato":25,"minecraft:dirt":2,"minecraft:tnt":2,"minecraft:item_frame":3,"minecraft:arrow":9,"minecraft:sea_pickle":3,"farmersdelight:cabbage":1,"minecraft:hay_block":19,"minecraft:player_head":1,"minecraft:emerald":1,"minecraft:melon_slice":6,"minecraft:piston":1,"farmersdelight:cabbage_seeds":1},"minecraft:used":{"minecraft:apple":1,"minecraft:baked_potato":4,"minecraft:wooden_pickaxe":2,"minecraft:dirt":2,"minecraft:hay_block":1,"minecraft:crafting_table":1,"minecraft:yellow_bed":1},"minecraft:dropped":{"farmersdelight:rotten_tomato":4,"minecraft:item_frame":3},"minecraft:crafted":{"minecraft:oak_planks":12,"minecraft:crafting_table":1,"minecraft:stick":4,"minecraft:wooden_pickaxe":1},"minecraft:mined":{"minecraft:hay_block":19,"minecraft:redstone_block":1,"minecraft:glass_pane":2,"minecraft:sea_pickle":1,"biomesoplenty:desert_grass":2,"minecraft:pumpkin":1,"minecraft:tnt":2,"minecraft:yellow_bed":2,"minecraft:grass":6,"minecraft:grass_block":2,"minecraft:bookshelf":1,"minecraft:oak_log":3,"minecraft:melon":1,"minecraft:redstone_wire":5,"minecraft:player_head":1,"minecraft:piston":1}},"DataVersion":3465}