{"stats":{"minecraft:killed_by":{"spore:inf_vindicator":1},"minecraft:custom":{"minecraft:interact_with_furnace":10,"minecraft:mob_kills":3,"minecraft:interact_with_crafting_table":12,"minecraft:open_barrel":9,"minecraft:eat_cake_slice":3,"minecraft:leave_game":4,"minecraft:time_since_death":14052,"minecraft:sleep_in_bed":5,"minecraft:climb_one_cm":2788,"minecraft:time_since_rest":10688,"minecraft:sprint_one_cm":525908,"minecraft:damage_taken":1813,"minecraft:walk_one_cm":301089,"minecraft:drop":26,"minecraft:damage_dealt":274,"minecraft:swim_one_cm":53566,"minecraft:talked_to_villager":1,"minecraft:fly_one_cm":660458,"minecraft:open_chest":39,"minecraft:crouch_one_cm":16011,"minecraft:play_time":78076,"tombstone:undead_killed":1,"minecraft:deaths":3,"minecraft:sneak_time":2023,"minecraft:walk_under_water_one_cm":5578,"minecraft:jump":1710,"minecraft:walk_on_water_one_cm":21168,"minecraft:total_world_time":78076,"minecraft:fall_one_cm":32638},"minecraft:picked_up":{"luminousworld:groundpebbles_1":3,"minecraft:lilac":1,"minecraft:redstone_block":1,"minecraft:oak_log":42,"minecraft:yellow_bed":3,"farmersdelight:tomato":25,"minecraft:dirt":78,"minecraft:item_frame":4,"minecraft:stone_bricks":12,"minecraft:sea_pickle":3,"minecraft:wheat_seeds":31,"farmersdelight:cabbage":1,"minecraft:rose_bush":1,"minecraft:player_head":1,"minecraft:melon_slice":6,"minecraft:oak_planks":44,"farmersdelight:cabbage_seeds":1,"minecraft:piston":1,"minecraft:book":4,"minecraft:raw_iron":1,"minecraft:pumpkin":1,"farmersdelight:rotten_tomato":4,"minecraft:dandelion":1,"minecraft:carrot":4,"minecraft:redstone":5,"minecraft:tnt":2,"minecraft:arrow":9,"minecraft:rotten_flesh":1,"minecraft:hay_block":19,"minecraft:emerald":5,"minecraft:gold_ingot":1,"supplementaries:ash":14,"minecraft:oak_sapling":5,"minecraft:coal":7,"minecraft:cobblestone":42},"minecraft:killed":{"undead_revamp2:sucker":1},"minecraft:used":{"minecraft:stone_pickaxe":42,"minecraft:diamond_hoe":2,"minecraft:baked_potato":11,"minecraft:oak_planks":3,"minecraft:wooden_pickaxe":47,"minecraft:wooden_shovel":62,"minecraft:dirt":11,"minecraft:crafting_table":2,"minecraft:carrot":1,"minecraft:oak_log":4,"minecraft:apple":4,"minecraft:bread":14,"minecraft:stone_bricks":8,"minecraft:hay_block":3,"minecraft:furnace":1,"quark:oak_chest":2,"tombstone:gift":2,"minecraft:yellow_bed":3,"alexsmobs:animal_dictionary":1},"minecraft:dropped":{"farmersdelight:rotten_tomato":4,"minecraft:wheat_seeds":10,"minecraft:lilac":1,"minecraft:rotten_flesh":1,"minecraft:oak_planks":44,"minecraft:item_frame":4,"minecraft:sea_pickle":3,"luminousworld:groundpebbles_1":2,"minecraft:rose_bush":1,"minecraft:leather_boots":1},"minecraft:broken":{"minecraft:wooden_shovel":1,"minecraft:wooden_pickaxe":1},"minecraft:crafted":{"minecraft:oak_planks":48,"minecraft:wooden_shovel":1,"minecraft:stone_shovel":1,"minecraft:crafting_table":2,"minecraft:baked_potato":6,"minecraft:wooden_pickaxe":1,"minecraft:furnace":1,"minecraft:air":0,"quark:oak_chest":2,"minecraft:stick":8,"minecraft:stone_pickaxe":1},"minecraft:mined":{"luminousworld:groundpebbles_1":1,"minecraft:redstone_block":1,"minecraft:glass_pane":2,"biomesoplenty:desert_grass":5,"minecraft:grass_block":53,"minecraft:melon":1,"minecraft:rose_bush":1,"minecraft:redstone_wire":5,"minecraft:tall_grass":3,"minecraft:cobblestone":2,"biomesoplenty:dune_grass":1,"supplementaries:urn":9,"minecraft:hay_block":19,"minecraft:tall_seagrass":1,"minecraft:sea_pickle":1,"minecraft:iron_ore":1,"minecraft:lilac":1,"minecraft:birch_leaves":1,"minecraft:tnt":2,"minecraft:pumpkin":1,"minecraft:yellow_bed":3,"biomesoplenty:sea_oats":1,"minecraft:grass":130,"minecraft:bookshelf":1,"minecraft:coal_ore":7,"minecraft:oak_log":42,"minecraft:dirt_path":1,"minecraft:dirt":25,"biomesoplenty:barley":197,"minecraft:stone":42,"minecraft:stone_bricks":13,"minecraft:player_head":1,"minecraft:piston":1,"minecraft:oak_leaves":6}},"DataVersion":3465}