{"stats":{"minecraft:killed_by":{"spore:inf_vindicator":1},"minecraft:picked_up":{"minecraft:lilac":1,"minecraft:redstone_block":1,"minecraft:oak_log":21,"minecraft:yellow_bed":3,"farmersdelight:tomato":25,"minecraft:dirt":6,"minecraft:item_frame":4,"minecraft:stone_bricks":12,"minecraft:sea_pickle":3,"farmersdelight:cabbage":1,"minecraft:rose_bush":1,"minecraft:player_head":1,"minecraft:melon_slice":6,"minecraft:oak_planks":44,"farmersdelight:cabbage_seeds":1,"minecraft:piston":1,"minecraft:book":4,"minecraft:pumpkin":1,"farmersdelight:rotten_tomato":4,"minecraft:dandelion":1,"minecraft:carrot":4,"minecraft:redstone":5,"minecraft:tnt":2,"minecraft:arrow":9,"minecraft:hay_block":19,"minecraft:emerald":5,"minecraft:gold_ingot":1,"supplementaries:ash":14},"minecraft:custom":{"minecraft:interact_with_furnace":5,"minecraft:mob_kills":2,"minecraft:interact_with_crafting_table":4,"minecraft:open_barrel":9,"minecraft:eat_cake_slice":3,"minecraft:leave_game":3,"minecraft:time_since_death":27282,"minecraft:sleep_in_bed":4,"minecraft:climb_one_cm":2788,"minecraft:time_since_rest":6385,"minecraft:sprint_one_cm":443188,"minecraft:damage_taken":1497,"minecraft:walk_one_cm":175820,"minecraft:drop":11,"minecraft:damage_dealt":105,"minecraft:swim_one_cm":49681,"minecraft:talked_to_villager":1,"minecraft:fly_one_cm":558155,"minecraft:open_chest":33,"minecraft:crouch_one_cm":9774,"minecraft:play_time":59516,"minecraft:deaths":2,"minecraft:sneak_time":1416,"minecraft:walk_under_water_one_cm":4945,"minecraft:jump":1275,"minecraft:walk_on_water_one_cm":20751,"minecraft:total_world_time":59516,"minecraft:fall_one_cm":25373},"minecraft:used":{"minecraft:baked_potato":6,"minecraft:oak_planks":3,"minecraft:wooden_pickaxe":26,"minecraft:dirt":6,"minecraft:crafting_table":2,"minecraft:carrot":1,"minecraft:apple":4,"minecraft:bread":14,"minecraft:stone_bricks":8,"minecraft:hay_block":3,"quark:oak_chest":1,"tombstone:gift":2,"minecraft:yellow_bed":3,"alexsmobs:animal_dictionary":1},"minecraft:dropped":{"farmersdelight:rotten_tomato":4,"minecraft:oak_planks":44,"minecraft:item_frame":4,"minecraft:sea_pickle":3,"minecraft:leather_boots":1},"minecraft:crafted":{"minecraft:oak_planks":32,"minecraft:crafting_table":2,"minecraft:wooden_pickaxe":1,"quark:oak_chest":1,"minecraft:stick":4},"minecraft:mined":{"minecraft:redstone_block":1,"minecraft:glass_pane":2,"biomesoplenty:desert_grass":5,"minecraft:grass_block":4,"minecraft:melon":1,"minecraft:rose_bush":1,"minecraft:redstone_wire":5,"minecraft:cobblestone":2,"biomesoplenty:dune_grass":1,"supplementaries:urn":9,"minecraft:hay_block":19,"minecraft:tall_seagrass":1,"minecraft:sea_pickle":1,"minecraft:lilac":1,"minecraft:tnt":2,"minecraft:pumpkin":1,"minecraft:yellow_bed":3,"biomesoplenty:sea_oats":1,"minecraft:grass":28,"minecraft:bookshelf":1,"minecraft:oak_log":21,"minecraft:dirt_path":1,"minecraft:dirt":2,"biomesoplenty:barley":2,"minecraft:stone_bricks":13,"minecraft:player_head":1,"minecraft:piston":1}},"DataVersion":3465}