{"stats":{"minecraft:broken":{"minecraft:wooden_shovel":1,"minecraft:wooden_pickaxe":1},"minecraft:custom":{"minecraft:interact_with_furnace":10,"minecraft:mob_kills":21,"minecraft:interact_with_crafting_table":16,"minecraft:open_barrel":9,"minecraft:eat_cake_slice":3,"minecraft:leave_game":6,"minecraft:time_since_death":37401,"minecraft:sleep_in_bed":5,"minecraft:climb_one_cm":2788,"minecraft:time_since_rest":34037,"minecraft:sprint_one_cm":679523,"minecraft:damage_taken":2093,"minecraft:walk_one_cm":359734,"minecraft:drop":28,"minecraft:damage_dealt":2713,"minecraft:swim_one_cm":58047,"minecraft:talked_to_villager":1,"minecraft:fly_one_cm":865066,"minecraft:open_chest":39,"minecraft:crouch_one_cm":18976,"minecraft:play_time":101425,"tombstone:undead_killed":6,"minecraft:deaths":3,"minecraft:sneak_time":2619,"minecraft:walk_under_water_one_cm":6200,"minecraft:jump":2277,"minecraft:walk_on_water_one_cm":21823,"minecraft:total_world_time":101425,"minecraft:fall_one_cm":49994},"minecraft:killed":{"born_in_chaos_v1:zombie_clown":1,"minecraft:pig":2,"earthmobsmod:jumbo_rabbit":3,"born_in_chaos_v1:baby_skeleton":1,"undead_revamp2:the_moonflower":3,"born_in_chaos_v1:maggot":3,"minecraft:sheep":5,"undead_revamp2:sucker":1},"minecraft:mined":{"luminousworld:groundpebbles_1":1,"minecraft:redstone_block":1,"minecraft:glass_pane":2,"biomesoplenty:desert_grass":5,"minecraft:grass_block":53,"minecraft:melon":1,"minecraft:rose_bush":1,"minecraft:redstone_wire":5,"minecraft:tall_grass":3,"minecraft:cobblestone":2,"biomesoplenty:dune_grass":1,"supplementaries:urn":9,"minecraft:hay_block":19,"minecraft:tall_seagrass":1,"minecraft:sea_pickle":1,"minecraft:iron_ore":1,"minecraft:lilac":1,"minecraft:birch_leaves":1,"minecraft:pumpkin":1,"minecraft:tnt":2,"minecraft:yellow_bed":3,"biomesoplenty:sea_oats":1,"minecraft:grass":130,"minecraft:bookshelf":1,"minecraft:oak_log":42,"minecraft:coal_ore":7,"minecraft:dirt_path":1,"minecraft:dirt":25,"biomesoplenty:barley":197,"minecraft:stone":43,"minecraft:stone_bricks":13,"minecraft:player_head":1,"minecraft:piston":1,"minecraft:oak_leaves":6},"minecraft:killed_by":{"spore:inf_vindicator":1},"minecraft:crafted":{"minecraft:oak_planks":60,"minecraft:wooden_shovel":1,"minecraft:stone_shovel":1,"minecraft:crafting_table":5,"minecraft:wooden_pickaxe":1,"minecraft:baked_potato":6,"minecraft:furnace":1,"hangglider:glider_wing":2,"minecraft:air":0,"minecraft:bread":48,"minecraft:stick":20,"quark:oak_chest":2,"minecraft:stone_pickaxe":1,"minecraft:stone_sword":1,"minecraft:wheat":144},"minecraft:used":{"minecraft:stone_sword":59,"minecraft:stone_pickaxe":43,"minecraft:oak_planks":3,"minecraft:baked_potato":12,"minecraft:diamond_hoe":2,"minecraft:wooden_pickaxe":47,"minecraft:wooden_shovel":62,"minecraft:dirt":17,"minecraft:crafting_table":5,"minecraft:carrot":1,"minecraft:oak_log":4,"minecraft:apple":4,"minecraft:bread":23,"minecraft:stone_bricks":8,"minecraft:hay_block":3,"minecraft:furnace":1,"tombstone:gift":2,"alexsmobs:animal_dictionary":1,"quark:oak_chest":2,"minecraft:yellow_bed":3},"minecraft:dropped":{"farmersdelight:rotten_tomato":4,"minecraft:wheat_seeds":10,"minecraft:lilac":1,"minecraft:rotten_flesh":12,"minecraft:oak_planks":44,"minecraft:item_frame":4,"minecraft:sea_pickle":3,"luminousworld:groundpebbles_1":2,"minecraft:rose_bush":1,"minecraft:leather_boots":1},"minecraft:picked_up":{"born_in_chaos_v1:corpse_maggot":2,"luminousworld:groundpebbles_1":3,"minecraft:lilac":1,"minecraft:redstone_block":1,"minecraft:oak_log":42,"minecraft:yellow_bed":3,"farmersdelight:tomato":25,"minecraft:dirt":78,"born_in_chaos_v1:intoxicating_decoction":2,"minecraft:item_frame":4,"minecraft:bone":1,"minecraft:sea_pickle":3,"minecraft:stone_bricks":12,"minecraft:wheat_seeds":31,"farmersdelight:cabbage":1,"minecraft:rabbit_hide":7,"minecraft:rose_bush":1,"minecraft:player_head":1,"minecraft:rabbit":1,"minecraft:melon_slice":6,"minecraft:oak_planks":44,"minecraft:piston":1,"farmersdelight:cabbage_seeds":1,"minecraft:book":4,"minecraft:raw_iron":1,"minecraft:pumpkin":1,"farmersdelight:rotten_tomato":4,"minecraft:dandelion":1,"minecraft:porkchop":4,"minecraft:redstone":5,"minecraft:carrot":4,"minecraft:rabbit_foot":3,"minecraft:tnt":2,"minecraft:bundle":1,"minecraft:arrow":9,"minecraft:rotten_flesh":12,"minecraft:hay_block":19,"minecraft:gray_wool":1,"minecraft:gold_ingot":1,"minecraft:emerald":5,"supplementaries:ash":14,"minecraft:oak_sapling":5,"minecraft:black_wool":1,"minecraft:mutton":6,"minecraft:coal":7,"minecraft:white_wool":2,"minecraft:cobblestone":43}},"DataVersion":3465}