{"stats":{"minecraft:picked_up":{"minecraft:arrow":9,"farmersdelight:rotten_tomato":1,"minecraft:oak_log":3,"minecraft:yellow_bed":1,"farmersdelight:tomato":12,"minecraft:dirt":2},"minecraft:custom":{"minecraft:open_barrel":2,"minecraft:open_chest":6,"minecraft:time_since_rest":11624,"minecraft:interact_with_furnace":3,"minecraft:crouch_one_cm":283,"minecraft:play_time":11624,"minecraft:sprint_one_cm":85212,"minecraft:damage_taken":90,"minecraft:walk_one_cm":37701,"minecraft:sneak_time":81,"minecraft:jump":229,"minecraft:damage_dealt":10,"minecraft:walk_on_water_one_cm":88,"minecraft:leave_game":2,"minecraft:time_since_death":11624,"minecraft:total_world_time":11624,"minecraft:fall_one_cm":4927,"minecraft:fly_one_cm":103135},"minecraft:used":{"minecraft:apple":1,"minecraft:baked_potato":2},"minecraft:mined":{"minecraft:grass":3,"minecraft:grass_block":2,"minecraft:oak_log":3,"minecraft:glass_pane":2,"biomesoplenty:desert_grass":2,"minecraft:yellow_bed":1}},"DataVersion":3465}