{"stats":{"minecraft:killed_by":{"spore:inf_vindicator":1},"minecraft:custom":{"minecraft:interact_with_furnace":5,"minecraft:mob_kills":2,"minecraft:interact_with_crafting_table":5,"minecraft:open_barrel":9,"minecraft:eat_cake_slice":3,"minecraft:leave_game":3,"minecraft:time_since_death":1492,"minecraft:sleep_in_bed":4,"minecraft:climb_one_cm":2788,"minecraft:time_since_rest":1311,"minecraft:sprint_one_cm":452326,"minecraft:damage_taken":1653,"minecraft:walk_one_cm":240947,"minecraft:drop":24,"minecraft:damage_dealt":125,"minecraft:swim_one_cm":49681,"minecraft:talked_to_villager":1,"minecraft:fly_one_cm":564131,"minecraft:open_chest":33,"minecraft:crouch_one_cm":9956,"minecraft:play_time":65516,"minecraft:deaths":3,"minecraft:sneak_time":1447,"minecraft:walk_under_water_one_cm":5421,"minecraft:jump":1374,"minecraft:walk_on_water_one_cm":21049,"minecraft:total_world_time":65516,"minecraft:fall_one_cm":26418},"minecraft:picked_up":{"luminousworld:groundpebbles_1":1,"minecraft:lilac":1,"minecraft:redstone_block":1,"minecraft:oak_log":42,"minecraft:yellow_bed":3,"farmersdelight:tomato":25,"minecraft:dirt":7,"minecraft:item_frame":4,"minecraft:stone_bricks":12,"minecraft:sea_pickle":3,"minecraft:wheat_seeds":28,"farmersdelight:cabbage":1,"minecraft:rose_bush":1,"minecraft:player_head":1,"minecraft:melon_slice":6,"minecraft:oak_planks":44,"farmersdelight:cabbage_seeds":1,"minecraft:piston":1,"minecraft:book":4,"minecraft:pumpkin":1,"farmersdelight:rotten_tomato":4,"minecraft:dandelion":1,"minecraft:carrot":4,"minecraft:redstone":5,"minecraft:tnt":2,"minecraft:arrow":9,"minecraft:hay_block":19,"minecraft:emerald":5,"minecraft:gold_ingot":1,"supplementaries:ash":14,"minecraft:oak_sapling":5},"minecraft:used":{"minecraft:baked_potato":6,"minecraft:oak_planks":3,"minecraft:wooden_pickaxe":28,"minecraft:dirt":7,"minecraft:crafting_table":2,"minecraft:carrot":1,"minecraft:oak_log":4,"minecraft:apple":4,"minecraft:bread":14,"minecraft:stone_bricks":8,"minecraft:hay_block":3,"quark:oak_chest":1,"tombstone:gift":2,"minecraft:yellow_bed":3,"alexsmobs:animal_dictionary":1},"minecraft:dropped":{"farmersdelight:rotten_tomato":4,"minecraft:wheat_seeds":10,"minecraft:lilac":1,"minecraft:oak_planks":44,"minecraft:item_frame":4,"minecraft:sea_pickle":3,"luminousworld:groundpebbles_1":1,"minecraft:rose_bush":1,"minecraft:leather_boots":1},"minecraft:crafted":{"minecraft:oak_planks":48,"minecraft:crafting_table":2,"minecraft:wooden_pickaxe":1,"quark:oak_chest":1,"minecraft:stick":4},"minecraft:mined":{"luminousworld:groundpebbles_1":1,"minecraft:redstone_block":1,"minecraft:glass_pane":2,"biomesoplenty:desert_grass":5,"minecraft:grass_block":5,"minecraft:melon":1,"minecraft:rose_bush":1,"minecraft:redstone_wire":5,"minecraft:tall_grass":3,"minecraft:cobblestone":2,"biomesoplenty:dune_grass":1,"supplementaries:urn":9,"minecraft:hay_block":19,"minecraft:tall_seagrass":1,"minecraft:sea_pickle":1,"minecraft:lilac":1,"minecraft:tnt":2,"minecraft:pumpkin":1,"minecraft:yellow_bed":3,"biomesoplenty:sea_oats":1,"minecraft:grass":111,"minecraft:bookshelf":1,"minecraft:oak_log":42,"minecraft:dirt_path":1,"minecraft:dirt":2,"biomesoplenty:barley":167,"minecraft:stone_bricks":13,"minecraft:player_head":1,"minecraft:piston":1,"minecraft:oak_leaves":6}},"DataVersion":3465}