{"stats":{"minecraft:killed_by":{"spore:inf_vindicator":1},"minecraft:picked_up":{"minecraft:redstone_block":1,"minecraft:pumpkin":1,"farmersdelight:rotten_tomato":4,"minecraft:dandelion":1,"minecraft:oak_log":3,"minecraft:redstone":5,"minecraft:yellow_bed":3,"minecraft:carrot":4,"farmersdelight:tomato":25,"minecraft:dirt":6,"minecraft:tnt":2,"minecraft:item_frame":4,"minecraft:arrow":9,"minecraft:stone_bricks":1,"minecraft:sea_pickle":3,"farmersdelight:cabbage":1,"minecraft:hay_block":19,"minecraft:player_head":1,"minecraft:gold_ingot":1,"minecraft:emerald":1,"supplementaries:ash":12,"minecraft:melon_slice":6,"minecraft:piston":1,"farmersdelight:cabbage_seeds":1,"minecraft:book":4},"minecraft:custom":{"minecraft:time_since_rest":4092,"minecraft:interact_with_furnace":5,"minecraft:sprint_one_cm":317234,"minecraft:damage_taken":1222,"minecraft:walk_one_cm":132436,"minecraft:mob_kills":1,"minecraft:drop":6,"minecraft:damage_dealt":99,"minecraft:interact_with_crafting_table":1,"minecraft:swim_one_cm":14538,"minecraft:talked_to_villager":1,"minecraft:fly_one_cm":370386,"minecraft:open_barrel":6,"minecraft:open_chest":23,"minecraft:play_time":41516,"minecraft:crouch_one_cm":7707,"minecraft:deaths":2,"minecraft:sneak_time":1111,"minecraft:walk_under_water_one_cm":581,"minecraft:jump":831,"minecraft:eat_cake_slice":3,"minecraft:leave_game":3,"minecraft:time_since_death":9282,"minecraft:walk_on_water_one_cm":5677,"minecraft:sleep_in_bed":3,"minecraft:total_world_time":41516,"minecraft:climb_one_cm":2788,"minecraft:fall_one_cm":16140},"minecraft:used":{"minecraft:apple":3,"minecraft:bread":5,"minecraft:baked_potato":6,"minecraft:oak_planks":3,"minecraft:wooden_pickaxe":7,"minecraft:dirt":6,"minecraft:hay_block":3,"minecraft:crafting_table":1,"minecraft:carrot":1,"alexsmobs:animal_dictionary":1,"tombstone:gift":2,"minecraft:yellow_bed":2},"minecraft:dropped":{"farmersdelight:rotten_tomato":4,"minecraft:sea_pickle":3,"minecraft:item_frame":4},"minecraft:crafted":{"minecraft:oak_planks":12,"minecraft:crafting_table":1,"minecraft:stick":4,"minecraft:wooden_pickaxe":1},"minecraft:mined":{"supplementaries:urn":3,"minecraft:hay_block":19,"minecraft:tall_seagrass":1,"minecraft:redstone_block":1,"minecraft:glass_pane":2,"minecraft:sea_pickle":1,"biomesoplenty:desert_grass":2,"minecraft:pumpkin":1,"minecraft:tnt":2,"minecraft:yellow_bed":3,"minecraft:grass":13,"minecraft:bookshelf":1,"minecraft:grass_block":4,"minecraft:oak_log":3,"minecraft:melon":1,"minecraft:dirt_path":1,"minecraft:dirt":2,"minecraft:redstone_wire":5,"minecraft:player_head":1,"minecraft:piston":1}},"DataVersion":3465}