{"stats":{"minecraft:killed_by":{"spore:inf_vindicator":1},"minecraft:custom":{"minecraft:time_since_rest":1951,"minecraft:interact_with_furnace":5,"minecraft:sprint_one_cm":261336,"minecraft:damage_taken":951,"minecraft:walk_one_cm":112523,"minecraft:mob_kills":1,"minecraft:drop":6,"minecraft:damage_dealt":91,"minecraft:swim_one_cm":14538,"minecraft:interact_with_crafting_table":1,"minecraft:talked_to_villager":1,"minecraft:fly_one_cm":296501,"minecraft:open_barrel":3,"minecraft:open_chest":15,"minecraft:crouch_one_cm":6541,"minecraft:play_time":35624,"minecraft:deaths":2,"minecraft:sneak_time":976,"minecraft:walk_under_water_one_cm":552,"minecraft:jump":672,"minecraft:eat_cake_slice":3,"minecraft:time_since_death":3390,"minecraft:leave_game":2,"minecraft:walk_on_water_one_cm":5014,"minecraft:sleep_in_bed":1,"minecraft:climb_one_cm":912,"minecraft:total_world_time":35624,"minecraft:fall_one_cm":11301},"minecraft:picked_up":{"minecraft:book":4,"minecraft:redstone_block":1,"minecraft:pumpkin":1,"farmersdelight:rotten_tomato":4,"minecraft:dandelion":1,"minecraft:oak_log":3,"minecraft:carrot":4,"minecraft:yellow_bed":2,"minecraft:redstone":5,"farmersdelight:tomato":25,"minecraft:dirt":6,"minecraft:tnt":2,"minecraft:item_frame":4,"minecraft:arrow":9,"minecraft:stone_bricks":1,"minecraft:sea_pickle":3,"farmersdelight:cabbage":1,"minecraft:hay_block":19,"minecraft:player_head":1,"minecraft:gold_ingot":1,"minecraft:emerald":1,"minecraft:melon_slice":6,"minecraft:piston":1,"farmersdelight:cabbage_seeds":1},"minecraft:used":{"minecraft:apple":1,"minecraft:bread":1,"minecraft:baked_potato":6,"minecraft:oak_planks":3,"minecraft:wooden_pickaxe":7,"minecraft:dirt":6,"minecraft:hay_block":3,"minecraft:crafting_table":1,"minecraft:carrot":1,"tombstone:gift":2,"alexsmobs:animal_dictionary":1,"minecraft:yellow_bed":1},"minecraft:dropped":{"farmersdelight:rotten_tomato":4,"minecraft:sea_pickle":3,"minecraft:item_frame":4},"minecraft:crafted":{"minecraft:oak_planks":12,"minecraft:crafting_table":1,"minecraft:stick":4,"minecraft:wooden_pickaxe":1},"minecraft:mined":{"minecraft:hay_block":19,"minecraft:tall_seagrass":1,"minecraft:redstone_block":1,"minecraft:glass_pane":2,"minecraft:sea_pickle":1,"biomesoplenty:desert_grass":2,"minecraft:pumpkin":1,"minecraft:tnt":2,"minecraft:yellow_bed":2,"minecraft:grass":13,"minecraft:grass_block":4,"minecraft:bookshelf":1,"minecraft:oak_log":3,"minecraft:melon":1,"minecraft:dirt_path":1,"minecraft:dirt":2,"minecraft:redstone_wire":5,"minecraft:player_head":1,"minecraft:piston":1}},"DataVersion":3465}