{"stats":{"minecraft:custom":{"minecraft:mob_kills":28,"minecraft:interact_with_crafting_table":9,"minecraft:open_barrel":12,"minecraft:bell_ring":3,"minecraft:leave_game":7,"minecraft:time_since_death":1536,"minecraft:climb_one_cm":5590,"minecraft:sprint_one_cm":811557,"minecraft:walk_one_cm":560669,"minecraft:drop":31,"minecraft:talked_to_villager":4,"minecraft:play_time":158389,"minecraft:deaths":13,"minecraft:sneak_time":1348,"minecraft:walk_under_water_one_cm":23062,"minecraft:jump":4114,"minecraft:walk_on_water_one_cm":40366,"minecraft:total_world_time":158389,"minecraft:interact_with_furnace":1,"tombstone:raider_killed":1,"minecraft:interact_with_loom":2,"minecraft:sleep_in_bed":7,"minecraft:time_since_rest":1086,"minecraft:damage_taken":5118,"minecraft:damage_dealt":3953,"minecraft:swim_one_cm":42738,"minecraft:fly_one_cm":1934977,"minecraft:open_chest":21,"minecraft:crouch_one_cm":7904,"tombstone:undead_killed":5,"minecraft:fall_one_cm":98359},"minecraft:picked_up":{"minecraft:crafting_table":4,"minecraft:iron_chestplate":4,"minecraft:wheat":5,"alexscaves:cave_tablet":4,"minecraft:stone_brick_stairs":1,"alexsmobs:gazelle_horn":1,"minecraft:music_disc_cat":1,"minecraft:oak_trapdoor":1,"minecraft:string":14,"minecraft:armor_stand":5,"minecraft:iron_leggings":3,"minecraft:item_frame":11,"minecraft:spruce_planks":2,"minecraft:beef":7,"minecraft:sugar_cane":2,"minecraft:iron_boots":4,"minecraft:tipped_arrow":2,"born_in_chaos_v1:shattered_skull":1,"minecraft:torch":2,"epicfight:skillbook":3,"quark:blossom_log":9,"minecraft:white_dye":2,"minecraft:carrot":52,"minecraft:redstone":2,"minecraft:arrow":9,"minecraft:stone_sword":1,"minecraft:rotten_flesh":2,"artifacts:villager_hat":1,"minecraft:hay_block":35,"minecraft:gold_ingot":2,"minecraft:mutton":4,"minecraft:cobblestone":68,"minecraft:cod":7,"minecraft:white_wool":2,"minecraft:leather":2,"minecraft:oak_log":2,"minecraft:chainmail_chestplate":1,"minecraft:magenta_bed":3,"minecraft:yellow_bed":3,"minecraft:lapis_lazuli":2,"minecraft:dirt":16,"minecraft:lantern":5,"minecraft:bone":13,"minecraft:stone_bricks":17,"minecraft:wheat_seeds":15,"minecraft:iron_ingot":2,"minecraft:book":39,"born_in_chaos_v1:ethereal_spirit":1,"minecraft:spruce_log":1,"minecraft:white_concrete_powder":3,"minecraft:iron_helmet":3,"minecraft:bread":7,"minecraft:chainmail_helmet":2,"minecraft:oak_sapling":3,"minecraft:damaged_anvil":1,"minecraft:coal":16},"minecraft:killed":{"minecraft:spider":6,"born_in_chaos_v1:scarlet_persecutor":1,"earthmobsmod:albino_cow":4,"born_in_chaos_v1:decrepit_skeleton":1,"minecraft:sheep":2,"minecraft:zombie":1,"spore:inf_human":1,"born_in_chaos_v1:corpse_fly":2,"alexsmobs:gazelle":2,"minecraft:stray":3},"minecraft:used":{"minecraft:oak_trapdoor":1,"minecraft:stone_sword":95,"minecraft:iron_shovel":2,"minecraft:spruce_planks":4,"minecraft:rotten_flesh":3,"minecraft:torch":2,"minecraft:dirt":14,"minecraft:mutton":1,"minecraft:carrot":2,"minecraft:stone_bricks":9,"quark:blossom_chest":2,"minecraft:beef":1,"minecraft:goat_horn":4,"minecraft:oak_sapling":1,"tombstone:gift":1,"epicfight:skillbook":1,"minecraft:crafting_table":6,"minecraft:magenta_bed":3,"minecraft:cod":6,"minecraft:wooden_hoe":2,"minecraft:diamond_pickaxe":116,"minecraft:bread":49,"minecraft:stone_axe":34,"minecraft:cobblestone":22,"minecraft:yellow_bed":2,"minecraft:bone_meal":36},"minecraft:dropped":{"minecraft:bread":1,"born_in_chaos_v1:shattered_skull":1,"minecraft:wheat_seeds":9,"minecraft:golden_helmet":1,"minecraft:iron_helmet":1,"minecraft:cobblestone":29,"minecraft:chainmail_helmet":1,"minecraft:stick":5,"minecraft:item_frame":1,"minecraft:cod":7,"minecraft:wooden_hoe":1,"tombstone:grave_key":1,"minecraft:iron_leggings":1,"minecraft:string":14,"minecraft:music_disc_cat":1,"minecraft:armor_stand":5,"minecraft:stone_axe":1,"minecraft:sugar_cane":2,"alexsmobs:gazelle_horn":1,"born_in_chaos_v1:ethereal_spirit":1,"minecraft:iron_boots":1,"minecraft:chainmail_chestplate":1,"minecraft:tipped_arrow":2,"minecraft:iron_chestplate":2,"minecraft:oak_sapling":1,"minecraft:stone_bricks":8,"minecraft:white_concrete_powder":3,"tombstone:tablet_of_cupidity":1},"minecraft:crafted":{"minecraft:oak_planks":8,"minecraft:bone_meal":36,"quark:blossom_chest":2,"minecraft:wheat":315,"quark:blossom_planks":36,"minecraft:crafting_table":3,"minecraft:spruce_planks":4,"minecraft:stone_axe":1,"minecraft:bread":103,"minecraft:wooden_hoe":1,"minecraft:stick":12,"minecraft:stone_sword":2},"minecraft:mined":{"minecraft:spruce_planks":2,"minecraft:grass_block":12,"minecraft:spruce_leaves":1,"minecraft:white_concrete_powder":3,"minecraft:spawner":1,"minecraft:hay_block":36,"minecraft:oak_trapdoor":1,"minecraft:carrots":2,"minecraft:bookshelf":13,"minecraft:dirt_path":1,"minecraft:lantern":2,"minecraft:stone":53,"minecraft:crafting_table":4,"minecraft:torch":2,"quark:blossom_log":9,"minecraft:tall_grass":1,"minecraft:cobblestone":19,"minecraft:sugar_cane":1,"minecraft:damaged_anvil":1,"placeablesmod:bread_full_block":2,"minecraft:wall_torch":1,"minecraft:magenta_bed":3,"minecraft:spruce_log":1,"minecraft:yellow_bed":3,"minecraft:stone_brick_stairs":1,"minecraft:grass":5,"minecraft:oak_log":4,"minecraft:coal_ore":18,"minecraft:dirt":4,"minecraft:cobweb":3,"born_in_chaos_v1:infernal_evil_pumpkin_s":1,"minecraft:stone_bricks":18,"minecraft:oak_leaves":13}},"DataVersion":3465}