{"stats":{"minecraft:custom":{"minecraft:time_since_rest":3820,"minecraft:sprint_one_cm":132080,"minecraft:damage_taken":1020,"minecraft:walk_one_cm":55561,"minecraft:mob_kills":5,"minecraft:drop":1,"minecraft:damage_dealt":742,"minecraft:swim_one_cm":3987,"minecraft:interact_with_crafting_table":1,"minecraft:fly_one_cm":406722,"minecraft:open_barrel":1,"minecraft:open_chest":1,"minecraft:crouch_one_cm":673,"minecraft:play_time":20974,"minecraft:deaths":3,"minecraft:sneak_time":66,"minecraft:walk_under_water_one_cm":5629,"minecraft:jump":844,"minecraft:leave_game":2,"minecraft:time_since_death":6088,"minecraft:walk_on_water_one_cm":2147,"minecraft:sleep_in_bed":1,"minecraft:total_world_time":20974,"minecraft:fall_one_cm":23048},"minecraft:picked_up":{"minecraft:crafting_table":1,"born_in_chaos_v1:ethereal_spirit":1,"quark:blossom_log":7,"minecraft:magenta_bed":2,"minecraft:spruce_log":1,"alexsmobs:gazelle_horn":1,"minecraft:dirt":10,"minecraft:spruce_planks":2,"minecraft:oak_sapling":1,"minecraft:mutton":1,"minecraft:coal":16,"minecraft:cobblestone":22},"minecraft:mined":{"minecraft:spruce_planks":2,"minecraft:magenta_bed":2,"minecraft:spruce_log":1,"minecraft:crafting_table":1,"minecraft:grass":4,"minecraft:grass_block":9,"minecraft:coal_ore":18,"minecraft:dirt":2,"quark:blossom_log":7,"minecraft:cobblestone":4,"minecraft:spruce_leaves":1,"minecraft:stone":22,"minecraft:oak_leaves":2},"minecraft:dropped":{"tombstone:grave_key":1},"minecraft:crafted":{"quark:blossom_planks":28,"minecraft:crafting_table":1,"minecraft:spruce_planks":4,"minecraft:stick":8,"minecraft:stone_sword":1,"minecraft:stone_axe":1},"minecraft:killed":{"born_in_chaos_v1:corpse_fly":2,"alexsmobs:gazelle":2,"born_in_chaos_v1:scarlet_persecutor":1},"minecraft:used":{"minecraft:diamond_pickaxe":44,"minecraft:stone_sword":15,"minecraft:spruce_planks":4,"minecraft:rotten_flesh":3,"minecraft:stone_axe":4,"minecraft:cobblestone":4,"minecraft:dirt":8,"minecraft:mutton":1,"minecraft:crafting_table":1,"minecraft:oak_sapling":1,"minecraft:magenta_bed":1,"tombstone:gift":1,"minecraft:cod":5}},"DataVersion":3465}