{"stats":{"minecraft:custom":{"minecraft:mob_kills":11,"minecraft:interact_with_crafting_table":2,"minecraft:open_barrel":1,"minecraft:interact_with_loom":2,"minecraft:leave_game":2,"minecraft:time_since_death":18088,"minecraft:sleep_in_bed":3,"minecraft:climb_one_cm":2460,"minecraft:time_since_rest":8965,"minecraft:sprint_one_cm":186519,"minecraft:damage_taken":1130,"minecraft:walk_one_cm":105233,"minecraft:drop":3,"minecraft:damage_dealt":1305,"minecraft:swim_one_cm":11331,"minecraft:talked_to_villager":1,"minecraft:fly_one_cm":521357,"minecraft:open_chest":3,"minecraft:crouch_one_cm":887,"minecraft:play_time":32974,"minecraft:deaths":3,"minecraft:sneak_time":100,"minecraft:walk_under_water_one_cm":6415,"minecraft:jump":1135,"minecraft:walk_on_water_one_cm":5273,"minecraft:total_world_time":32974,"minecraft:fall_one_cm":33770},"minecraft:picked_up":{"minecraft:crafting_table":2,"minecraft:leather":2,"minecraft:magenta_bed":3,"alexsmobs:gazelle_horn":1,"minecraft:lapis_lazuli":2,"minecraft:dirt":10,"minecraft:lantern":3,"minecraft:item_frame":10,"minecraft:spruce_planks":2,"minecraft:iron_ingot":2,"minecraft:beef":7,"minecraft:book":39,"born_in_chaos_v1:ethereal_spirit":1,"quark:blossom_log":7,"minecraft:white_dye":2,"minecraft:spruce_log":1,"minecraft:redstone":2,"minecraft:hay_block":35,"minecraft:gold_ingot":2,"minecraft:oak_sapling":1,"minecraft:mutton":4,"minecraft:coal":16,"minecraft:cobblestone":22,"minecraft:white_wool":2},"minecraft:mined":{"minecraft:spruce_planks":2,"minecraft:crafting_table":2,"minecraft:grass_block":9,"quark:blossom_log":7,"minecraft:cobblestone":4,"minecraft:spruce_leaves":1,"minecraft:hay_block":36,"minecraft:magenta_bed":3,"minecraft:spruce_log":1,"minecraft:grass":4,"minecraft:bookshelf":13,"minecraft:coal_ore":18,"minecraft:dirt":2,"minecraft:stone":22,"born_in_chaos_v1:infernal_evil_pumpkin_s":1,"minecraft:oak_leaves":2},"minecraft:dropped":{"alexsmobs:gazelle_horn":1,"born_in_chaos_v1:ethereal_spirit":1,"tombstone:grave_key":1},"minecraft:crafted":{"quark:blossom_planks":28,"minecraft:crafting_table":1,"minecraft:spruce_planks":4,"minecraft:stone_axe":1,"minecraft:bread":103,"minecraft:stick":8,"minecraft:stone_sword":1,"minecraft:wheat":315},"minecraft:killed":{"born_in_chaos_v1:scarlet_persecutor":1,"minecraft:sheep":2,"alexsmobs:gazelle":2,"born_in_chaos_v1:corpse_fly":2,"earthmobsmod:albino_cow":4},"minecraft:used":{"minecraft:stone_sword":28,"minecraft:iron_shovel":1,"minecraft:spruce_planks":4,"minecraft:rotten_flesh":3,"minecraft:dirt":9,"minecraft:mutton":1,"minecraft:crafting_table":2,"minecraft:magenta_bed":2,"minecraft:cod":5,"minecraft:diamond_pickaxe":45,"minecraft:bread":8,"minecraft:stone_axe":18,"minecraft:cobblestone":7,"minecraft:oak_sapling":1,"tombstone:gift":1}},"DataVersion":3465}