{"stats":{"minecraft:custom":{"minecraft:time_since_rest":2081,"minecraft:crouch_one_cm":673,"minecraft:sprint_one_cm":44191,"minecraft:play_time":8974,"minecraft:deaths":2,"minecraft:damage_taken":620,"minecraft:walk_one_cm":20987,"minecraft:sneak_time":54,"minecraft:walk_under_water_one_cm":1044,"minecraft:jump":243,"minecraft:damage_dealt":15,"minecraft:walk_on_water_one_cm":657,"minecraft:leave_game":2,"minecraft:time_since_death":2789,"minecraft:total_world_time":8974,"minecraft:swim_one_cm":3987,"minecraft:fall_one_cm":8465,"minecraft:fly_one_cm":99537},"minecraft:picked_up":{"minecraft:spruce_planks":2,"quark:blossom_log":7,"minecraft:spruce_log":1,"minecraft:oak_sapling":1,"minecraft:dirt":10},"minecraft:mined":{"minecraft:grass":3,"minecraft:grass_block":9,"minecraft:spruce_planks":2,"quark:blossom_log":7,"minecraft:dirt":2,"minecraft:spruce_leaves":1,"minecraft:spruce_log":1,"minecraft:oak_leaves":1},"minecraft:crafted":{"quark:blossom_planks":28,"minecraft:crafting_table":1,"minecraft:spruce_planks":4,"minecraft:stick":4},"minecraft:used":{"minecraft:dirt":6,"minecraft:oak_sapling":1,"tombstone:gift":1,"minecraft:spruce_planks":4}},"DataVersion":3465}