{"stats":{"minecraft:custom":{"minecraft:interact_with_furnace":1,"minecraft:mob_kills":13,"tombstone:raider_killed":1,"minecraft:interact_with_crafting_table":7,"minecraft:open_barrel":9,"minecraft:interact_with_loom":2,"minecraft:bell_ring":3,"minecraft:leave_game":5,"minecraft:time_since_death":2969,"minecraft:sleep_in_bed":6,"minecraft:climb_one_cm":5590,"minecraft:time_since_rest":1254,"minecraft:sprint_one_cm":535510,"minecraft:damage_taken":3190,"minecraft:walk_one_cm":362993,"minecraft:drop":19,"minecraft:damage_dealt":2091,"minecraft:swim_one_cm":30553,"minecraft:talked_to_villager":4,"minecraft:fly_one_cm":1289650,"minecraft:open_chest":19,"minecraft:crouch_one_cm":7020,"minecraft:play_time":110308,"tombstone:undead_killed":1,"minecraft:deaths":8,"minecraft:sneak_time":1220,"minecraft:walk_under_water_one_cm":18884,"minecraft:jump":2748,"minecraft:walk_on_water_one_cm":33632,"minecraft:total_world_time":110308,"minecraft:fall_one_cm":64290},"minecraft:picked_up":{"minecraft:iron_chestplate":4,"minecraft:crafting_table":3,"minecraft:wheat":1,"minecraft:leather":2,"minecraft:oak_log":2,"minecraft:chainmail_chestplate":1,"minecraft:magenta_bed":3,"minecraft:yellow_bed":3,"alexsmobs:gazelle_horn":1,"minecraft:lapis_lazuli":2,"minecraft:music_disc_cat":1,"minecraft:dirt":14,"minecraft:oak_trapdoor":1,"minecraft:lantern":5,"minecraft:iron_leggings":3,"minecraft:armor_stand":5,"minecraft:item_frame":10,"minecraft:bone":4,"minecraft:stone_bricks":15,"minecraft:wheat_seeds":15,"minecraft:spruce_planks":2,"minecraft:iron_ingot":2,"minecraft:beef":7,"minecraft:iron_boots":4,"minecraft:book":39,"minecraft:torch":2,"born_in_chaos_v1:ethereal_spirit":1,"epicfight:skillbook":2,"quark:blossom_log":9,"minecraft:white_dye":2,"minecraft:carrot":24,"minecraft:redstone":2,"minecraft:spruce_log":1,"minecraft:arrow":7,"minecraft:white_concrete_powder":3,"artifacts:villager_hat":1,"minecraft:iron_helmet":3,"minecraft:hay_block":35,"minecraft:bread":7,"minecraft:chainmail_helmet":2,"minecraft:gold_ingot":2,"minecraft:oak_sapling":3,"minecraft:damaged_anvil":1,"minecraft:mutton":4,"minecraft:cod":7,"minecraft:coal":16,"minecraft:white_wool":2,"minecraft:cobblestone":37},"minecraft:killed":{"born_in_chaos_v1:scarlet_persecutor":1,"minecraft:sheep":2,"minecraft:zombie":1,"spore:inf_human":1,"born_in_chaos_v1:corpse_fly":2,"alexsmobs:gazelle":2,"earthmobsmod:albino_cow":4},"minecraft:used":{"minecraft:oak_trapdoor":1,"epicfight:skillbook":1,"minecraft:stone_sword":44,"minecraft:iron_shovel":2,"minecraft:spruce_planks":4,"minecraft:rotten_flesh":3,"minecraft:torch":2,"minecraft:dirt":12,"minecraft:mutton":1,"minecraft:crafting_table":4,"minecraft:magenta_bed":3,"minecraft:carrot":1,"minecraft:cod":6,"minecraft:wooden_hoe":1,"minecraft:diamond_pickaxe":79,"minecraft:bread":31,"minecraft:stone_bricks":9,"quark:blossom_chest":2,"minecraft:stone_axe":33,"minecraft:cobblestone":22,"minecraft:beef":1,"minecraft:goat_horn":3,"minecraft:oak_sapling":1,"tombstone:gift":1,"minecraft:yellow_bed":2,"minecraft:bone_meal":12},"minecraft:dropped":{"minecraft:bread":1,"minecraft:wheat_seeds":6,"alexsmobs:gazelle_horn":1,"minecraft:golden_helmet":1,"born_in_chaos_v1:ethereal_spirit":1,"minecraft:iron_helmet":1,"minecraft:iron_boots":1,"minecraft:chainmail_helmet":1,"minecraft:chainmail_chestplate":1,"minecraft:stick":5,"minecraft:cod":7,"tombstone:grave_key":1,"minecraft:iron_chestplate":2,"minecraft:oak_sapling":1,"minecraft:iron_leggings":1,"minecraft:stone_bricks":6,"minecraft:white_concrete_powder":3,"tombstone:tablet_of_cupidity":1},"minecraft:crafted":{"minecraft:oak_planks":8,"quark:blossom_planks":36,"minecraft:crafting_table":3,"minecraft:spruce_planks":4,"minecraft:bone_meal":12,"quark:blossom_chest":2,"minecraft:stone_axe":1,"minecraft:bread":103,"minecraft:wooden_hoe":1,"minecraft:stick":12,"minecraft:stone_sword":1,"minecraft:wheat":315},"minecraft:mined":{"minecraft:spruce_planks":2,"minecraft:crafting_table":3,"minecraft:torch":2,"minecraft:grass_block":10,"quark:blossom_log":9,"minecraft:tall_grass":1,"minecraft:cobblestone":19,"minecraft:spruce_leaves":1,"minecraft:damaged_anvil":1,"placeablesmod:bread_full_block":2,"minecraft:wall_torch":1,"minecraft:white_concrete_powder":3,"minecraft:hay_block":36,"minecraft:oak_trapdoor":1,"minecraft:carrots":1,"minecraft:magenta_bed":3,"minecraft:spruce_log":1,"minecraft:yellow_bed":3,"minecraft:grass":4,"minecraft:bookshelf":13,"minecraft:oak_log":4,"minecraft:coal_ore":18,"minecraft:dirt_path":1,"minecraft:lantern":2,"minecraft:dirt":4,"born_in_chaos_v1:infernal_evil_pumpkin_s":1,"minecraft:stone_bricks":15,"minecraft:stone":22,"minecraft:oak_leaves":13}},"DataVersion":3465}