{"stats":{"minecraft:picked_up":{"minecraft:spruce_log":1},"minecraft:custom":{"minecraft:jump":60,"minecraft:leave_game":1,"minecraft:time_since_rest":733,"minecraft:damage_dealt":15,"minecraft:deaths":1,"minecraft:sprint_one_cm":12084,"minecraft:play_time":2373,"minecraft:damage_taken":375,"minecraft:time_since_death":908,"minecraft:walk_one_cm":7282,"minecraft:total_world_time":2373,"minecraft:fall_one_cm":2357,"minecraft:fly_one_cm":30048},"minecraft:used":{"tombstone:gift":1},"minecraft:mined":{"minecraft:spruce_log":1,"minecraft:grass":1,"minecraft:spruce_leaves":1}},"DataVersion":3465}