{"stats":{"minecraft:custom":{"minecraft:time_since_rest":2251,"minecraft:sprint_one_cm":18831,"minecraft:play_time":3891,"minecraft:deaths":1,"minecraft:damage_taken":375,"minecraft:walk_one_cm":11174,"minecraft:sneak_time":1,"minecraft:jump":99,"minecraft:damage_dealt":15,"minecraft:leave_game":2,"minecraft:time_since_death":2426,"minecraft:total_world_time":3891,"minecraft:fall_one_cm":3878,"minecraft:fly_one_cm":37815},"minecraft:picked_up":{"minecraft:spruce_planks":2,"minecraft:spruce_log":1,"minecraft:dirt":5},"minecraft:mined":{"minecraft:grass":2,"minecraft:grass_block":6,"minecraft:spruce_planks":2,"minecraft:spruce_leaves":1,"minecraft:spruce_log":1},"minecraft:crafted":{"minecraft:spruce_planks":4},"minecraft:used":{"tombstone:gift":1,"minecraft:spruce_planks":4}},"DataVersion":3465}