{"stats":{"minecraft:custom":{"minecraft:interact_with_furnace":1,"minecraft:mob_kills":13,"tombstone:raider_killed":1,"minecraft:interact_with_crafting_table":3,"minecraft:open_barrel":9,"minecraft:interact_with_loom":2,"minecraft:leave_game":5,"minecraft:time_since_death":1957,"minecraft:sleep_in_bed":5,"minecraft:climb_one_cm":5590,"minecraft:time_since_rest":1820,"minecraft:sprint_one_cm":446242,"minecraft:damage_taken":2805,"minecraft:walk_one_cm":327666,"minecraft:drop":5,"minecraft:damage_dealt":1865,"minecraft:swim_one_cm":30030,"minecraft:talked_to_villager":3,"minecraft:fly_one_cm":1009134,"minecraft:open_chest":18,"minecraft:crouch_one_cm":7020,"minecraft:play_time":98308,"tombstone:undead_killed":1,"minecraft:deaths":7,"minecraft:sneak_time":1220,"minecraft:walk_under_water_one_cm":18827,"minecraft:jump":2209,"minecraft:walk_on_water_one_cm":32769,"minecraft:total_world_time":98308,"minecraft:fall_one_cm":53490},"minecraft:picked_up":{"minecraft:iron_chestplate":4,"minecraft:crafting_table":2,"minecraft:wheat":1,"minecraft:leather":2,"minecraft:oak_log":2,"minecraft:chainmail_chestplate":1,"minecraft:magenta_bed":3,"minecraft:yellow_bed":2,"alexsmobs:gazelle_horn":1,"minecraft:lapis_lazuli":2,"minecraft:music_disc_cat":1,"minecraft:dirt":13,"minecraft:oak_trapdoor":1,"minecraft:lantern":5,"minecraft:iron_leggings":3,"minecraft:armor_stand":5,"minecraft:item_frame":10,"minecraft:bone":4,"minecraft:stone_bricks":15,"minecraft:wheat_seeds":15,"minecraft:spruce_planks":2,"minecraft:iron_ingot":2,"minecraft:beef":7,"minecraft:iron_boots":4,"minecraft:book":39,"minecraft:torch":2,"born_in_chaos_v1:ethereal_spirit":1,"epicfight:skillbook":2,"quark:blossom_log":7,"minecraft:white_dye":2,"minecraft:redstone":2,"minecraft:spruce_log":1,"minecraft:arrow":7,"minecraft:white_concrete_powder":3,"artifacts:villager_hat":1,"minecraft:iron_helmet":3,"minecraft:hay_block":35,"minecraft:bread":7,"minecraft:chainmail_helmet":1,"minecraft:gold_ingot":2,"minecraft:oak_sapling":3,"minecraft:mutton":4,"minecraft:cod":7,"minecraft:coal":16,"minecraft:white_wool":2,"minecraft:cobblestone":37},"minecraft:killed":{"born_in_chaos_v1:scarlet_persecutor":1,"minecraft:sheep":2,"minecraft:zombie":1,"spore:inf_human":1,"born_in_chaos_v1:corpse_fly":2,"alexsmobs:gazelle":2,"earthmobsmod:albino_cow":4},"minecraft:used":{"epicfight:skillbook":1,"minecraft:stone_sword":39,"minecraft:iron_shovel":2,"minecraft:spruce_planks":4,"minecraft:rotten_flesh":3,"minecraft:torch":2,"minecraft:dirt":12,"minecraft:mutton":1,"minecraft:crafting_table":3,"minecraft:magenta_bed":3,"minecraft:cod":6,"minecraft:diamond_pickaxe":78,"minecraft:bread":24,"minecraft:stone_bricks":9,"quark:blossom_chest":2,"minecraft:stone_axe":30,"minecraft:cobblestone":22,"minecraft:beef":1,"minecraft:goat_horn":2,"minecraft:oak_sapling":1,"tombstone:gift":1,"minecraft:yellow_bed":1},"minecraft:dropped":{"minecraft:wheat_seeds":6,"alexsmobs:gazelle_horn":1,"born_in_chaos_v1:ethereal_spirit":1,"minecraft:cod":7,"tombstone:grave_key":1},"minecraft:crafted":{"minecraft:oak_planks":8,"quark:blossom_planks":28,"minecraft:crafting_table":2,"minecraft:spruce_planks":4,"quark:blossom_chest":2,"minecraft:stone_axe":1,"minecraft:bread":103,"minecraft:stick":8,"minecraft:stone_sword":1,"minecraft:wheat":315},"minecraft:mined":{"minecraft:spruce_planks":2,"minecraft:crafting_table":2,"minecraft:torch":2,"minecraft:grass_block":10,"quark:blossom_log":7,"minecraft:cobblestone":19,"minecraft:spruce_leaves":1,"placeablesmod:bread_full_block":2,"minecraft:wall_torch":1,"minecraft:white_concrete_powder":3,"minecraft:hay_block":36,"minecraft:oak_trapdoor":1,"minecraft:magenta_bed":3,"minecraft:spruce_log":1,"minecraft:yellow_bed":2,"minecraft:grass":4,"minecraft:bookshelf":13,"minecraft:oak_log":4,"minecraft:coal_ore":18,"minecraft:lantern":2,"minecraft:dirt":4,"born_in_chaos_v1:infernal_evil_pumpkin_s":1,"minecraft:stone_bricks":15,"minecraft:stone":22,"minecraft:oak_leaves":13}},"DataVersion":3465}